1,2,3,4,5,6,7,8,9,10,label
39.21062596563917,-68.990553237155,36.891540425923296,-27.815414301519876,-30.920674433814686,-1.1821378481779004,7.706073857602487,-0.08499948673308758,-3.5743401690057266,-2.3937392426666952,0
31.192749260672688,-51.451799679865715,41.9526164223524,-28.114627224456974,-28.47794952224307,0.5310678674743865,5.002554660847364,0.3903270988644782,2.557546914926523,0.6923084825333667,1
28.862345134270594,-58.73079622207663,59.338950906856745,-42.61039761479648,-39.22208372585238,2.5831954205454024,7.131601059465006,-4.605328347548026,12.154762367549452,2.6305307604082735,1
26.287891274120735,-60.20221741179243,67.85826293248594,-44.21143499805118,-45.43891620269622,0.7771412796599104,7.111228925275536,-0.2637335351361275,9.832083097408468,0.3346728372027653,1
93.1725943409097,-103.37566852007066,25.21978323312107,-22.147828635189423,-41.94407370595908,-1.3358065585826746,-0.8078655888594302,7.8481190376172085,3.435000891198406,0.6679898396162411,1
27.171314097543664,-49.59806053539349,51.48045201370847,-36.121623001605705,-36.683099342143166,-0.24785108180209742,7.202838563730935,-1.5612027149232366,3.2608018414718063,-2.4900576752174595,1
55.81956190358432,-94.10967084084585,62.562651862399484,-45.144165394790676,-54.421211159582626,5.3174248700341264,1.8906516730271026,11.365258416453033,9.15704066644722,7.479759422137495,1
52.3492835733059,-79.58278878546643,63.22096661409877,-44.39834034228044,-47.47135374983316,0.8524863675105537,-0.15126755473209977,7.473491701622971,5.483898255755754,7.672567690195265,1
36.51846604195907,-63.22952813155275,46.597080758455455,-37.413929805398325,-37.86454328119745,2.2544194333066105,0.9813799831544741,7.168444470112773,-0.43782840749172924,2.5081204277236613,1
22.724808005717136,-42.30628509437504,52.66241487086036,-34.29463166557577,-32.055410547674306,0.9285703970693036,6.3403527166656,-9.422751216292424,9.247044346714533,-0.9448524414933015,1
-13.53081487284968,4.307200589543033,-2.122788714841062,-0.4062639814765612,2.7162250904908483,-1.269924884201916,-0.8638619551563705,-0.6590317083222312,0.3552708827214711,-0.8992571512164022,0
-17.98422069268816,-0.6382661202090942,-2.3019919107455347,-0.6572901226132097,0.9794137561101843,0.8449594926273803,-2.205565011378693,0.3810167748472466,0.3908337657123717,-0.630700034405532,1
-11.148074552447643,0.6969489312142937,-1.3704409525783003,2.0558001801475445,4.018767174107682,0.25773569342729996,-0.7629315503029891,-0.11685029363087764,0.32604315083403074,-1.9956216297512817,1
-15.597366129150151,2.281819373584645,-2.672847276356605,-0.6894999151298881,0.6084362531905186,0.5083507198145529,-1.8253325703122023,-0.31090981346847446,0.5206524096971354,-0.9722327739652612,1
-13.356076035441871,-1.1266112720789097,-4.4899115192674275,-0.06915225801040374,2.029375903999054,0.5797850739575651,-1.407278884300707,-0.9199501360898683,1.7154844149890787,-2.084450997490301,1
-6.932295337513782,-2.288724812715136,-6.529594417363632,-0.12419738980465182,2.522518488506234,1.7435623850751436,-3.471659184255682,-0.5934209645657261,0.8942417305322075,-1.6646262655846031,1
-10.107370292252869,1.223318408212839,-4.090477618186532,-0.7532758959864643,1.4338953076514016,-0.043479279506292934,-2.8685054222206987,-0.22644319589890102,1.432700569412427,-1.0749635437089726,1
-19.558368562958854,2.883021702409044,-0.4878618520488534,-0.5825658977412751,0.8499319602987425,-0.05826059459514671,-0.7140609010366458,-0.40992624972588754,0.08843260730996594,-1.162699255735223,1
-0.2402446114659352,-2.314842078080758,-10.603656272097268,-0.31608342833946035,4.26475186708037,2.0870767259931555,-2.627388512063231,-0.46505184789227183,3.1537150305634642,-3.1061773769979992,1
-9.285162616050949,-0.23030021031590162,-3.296582066258842,1.3524083278982026,3.1152633201390962,1.026287190242792,-0.32683739935766515,-0.19706187154579824,1.573007111660027,-2.8182986163526027,1
95.02604734679583,37.398585432820404,-20.54644273265326,-25.397923848435056,9.894310300167886,12.331838012320343,-1.4243154915896687,-4.935988551519666,2.4986346600451506,22.600875381920975,0
134.30711100232182,80.19628725309718,-17.939387146831056,-31.00328964274317,-8.102338766966682,5.214983723998461,0.7479523120822661,5.009842176375421,-2.8258761079005805,-0.7638710659280258,1
172.15949175243293,103.21753767159397,-26.952196727083788,-45.76073332964225,-8.24106909422145,1.7000703790561151,0.6414643885942644,4.080683846203976,2.9539705740592477,1.4122933551890706,1
142.09277345942914,95.6364720763492,-17.156787725579637,-28.52008356362442,-19.44632267798924,-4.514747545506746,-5.28721633916174,13.008335784109867,-3.9217461129316598,-10.398468018682712,1
142.5520439163625,101.76608240155717,-8.047229335363518,-30.062093068816445,-13.888352580210956,1.9707414163724848,0.29798991144450737,10.396758941271115,-6.725391919394351,-3.578356631260441,1
156.34432354149374,101.22341909926146,-15.555970506953443,-38.19175638999956,-11.650545453216996,1.719356894226627,-0.7600837737859624,11.001315899806857,-3.844332125500885,-3.9648296746515923,1
169.9176383940114,125.22415487606096,-8.03730231030793,-40.45260945338929,-20.70904081102453,-7.941616273414599,0.019438519045488097,16.894194747464937,-9.250887787331648,-17.515378637146227,1
198.4683379864163,98.3373157988848,-25.460621508629355,-41.29091438343902,-1.9961982954427828,18.69632870404928,7.43201327288856,1.2235881103409814,5.138419742446572,2.506281706859227,1
175.0855148599994,89.38119896796732,-31.754155999760442,-52.763474745652374,1.6357060943499078,4.825286930642574,12.858634005153748,-2.101749348283148,12.097331335136552,-3.95767491801782,1
179.05975536310766,88.28274164069246,-13.80390288342842,-28.967084657434885,2.3923010648150482,15.281947482134123,12.262925690335333,1.131260318966539,-4.749851977729536,-12.774091314787603,1
123.96537681112787,-54.61486387291051,-72.93505201601018,6.119579595149037,14.213179475634199,-12.868574353343893,13.808495486669587,-12.05576138281273,17.28721120983489,-6.8689721313429,0
68.57952664659955,-41.72849059715226,-38.228460044259315,3.535937767751497,12.456534928142874,4.909391897824308,6.035778285694615,-3.6050193790139766,6.717512233086062,-1.0424078637677008,1
98.15401308678031,-54.550700820824744,-52.91808554950804,-0.680182172691265,10.442330398477583,5.994665755843401,8.384537553949311,1.0105902433830862,9.92771222642693,-6.042880016133669,1
76.3508949635042,-63.33186723509426,-36.163697253771495,2.996123031153265,6.5767703638162285,12.137959462797756,0.9965628810823864,6.843705208023372,-1.1889698365926906,-0.30753688805504825,1
116.83412308017026,-85.04875386702855,-72.86528951016193,16.79772746213288,14.788541788584624,7.49694386684205,10.43246757811438,-1.305671951944401,6.453077582487833,-13.660269131472505,1
89.684929686914,-63.512656262476966,-49.682839626084025,6.810315680679134,10.555081697794312,8.048255176828425,6.515488509256103,0.03266313979495365,6.291868496555484,-7.299786512998465,1
75.3687505148875,-76.76916215844805,-30.288421579780373,7.3907413627480905,3.81171655506089,14.803266907321174,-0.9688098439531168,16.293878087122568,-6.6140286574422245,-1.5830067169758286,1
97.76571426038002,-23.09052086794329,-48.6639302419099,-5.747790989202486,3.807594606795835,-0.6842285162998475,9.980427665496908,-5.941354859264712,8.705651287944411,-7.134668034590608,1
89.16160955768973,-82.78510651766616,-43.397156422853485,7.890063925903367,4.8873237962321445,11.603610454524572,3.5843630459580242,7.825168856507683,-1.5996713611457467,-4.490471193005735,1
92.60097125908318,-68.6284423797041,-57.56857226387596,13.303417046090788,15.146349459545304,9.591668980479545,9.727356847797624,-5.6074848037471,6.177660112640964,-3.5450486303990405,1
7.927821890129249,1.1208509814486394,-4.336388050188408,1.9131626185887947,-1.621288535367427,-10.317219414188974,0.1873756059023534,-1.343672063295878,-1.9275383109740598,0.5986822582279241,0
29.170747735714947,-4.3573254689948,-11.376132743706156,4.451992358814229,-3.4231767403123783,-18.02590505571165,0.019257871452450632,-3.6942725590357064,0.31866358683791773,0.4474688443665241,1
33.03725380297686,-12.392697230997378,-9.0454285869013,5.978502159249422,-2.8673817423464074,-14.201925838826892,-2.0668709988672407,-0.7170647503214874,-1.505113506101871,0.5004928425502665,1
21.236005020739253,-5.957550588604171,-1.1818066060441708,-0.9345798610506311,-4.820492761368154,-13.661203225094395,-0.9793166278783437,0.5920762227482721,1.1056362984776493,1.057962378474582,1
27.271701952164744,9.425091369154611,-5.8469651605127915,2.4464796295227806,-9.267061122114352,-19.66721105348415,-2.9016878384375744,-1.6248562837584046,-1.0657764648287849,-0.7182670764849592,1
32.00428563810887,-0.7043397310413173,-2.7865010617761494,1.0402440129544923,-6.025381772968645,-15.751313149469203,-1.1716795352279679,-1.1618933261076945,0.24863276056927366,1.573182825209426,1
46.59365135418797,12.8740521829209,-9.497382944504157,5.400247475456767,-12.44718634502134,-26.773052543524386,-2.800507325478467,-5.013798626510168,-2.044562619717785,-2.060913068361521,1
31.14453736265995,-1.2140082907771486,-8.129581514414257,3.6567065233518017,-3.412916777306019,-19.63868583114834,0.24041116626682243,-3.5983808593173645,1.7895026361473696,1.0609888437925084,1
26.942746936961864,4.9924548534351745,-5.163164206555976,3.8247205048226913,-4.0338605685798825,-18.099896467790664,-0.5465189950891205,-2.6580321863521497,-1.8561864952573273,-0.5611757469192549,1
16.23041277003699,9.935580299684455,3.970800549982097,8.955876678191743,-10.050371923169735,-11.239131449532913,-4.673571321731177,2.3088613152150894,-2.447172726239383,-1.9422921804005049,1
-25.352549805619716,3.7102292295750936,0.26564415736748564,0.10035440902262745,2.0236880503040457,0.5646136109150256,2.1627755058548943,-0.9344257900053521,-1.5291011404844748,-1.4973133551382674,0
-26.615536780484593,3.790536747235571,-0.923103008940765,-0.33443059219084553,0.7184162420078131,0.4156916708221562,1.4280636507796343,-0.5934040276077744,-0.7702059933614536,-1.1239507295626248,1
-25.67504726213294,3.4283899045100132,0.6003523611904591,0.4558640389204247,1.5856321096643462,0.2850138050577005,2.1489513712347685,-0.16006788798581564,-0.6327748657985641,-0.9429833813989777,1
-24.196597996109144,2.619976006133684,0.4536005347385087,0.4083044796713138,2.62315620519773,-0.3821145813121698,2.5908566218897473,0.6513397366636681,-0.9482338996231847,-0.9065520198710475,1
-25.56055038662265,3.774643941893673,0.12932189225235907,0.29363515272351304,1.9836529666666602,0.14247012976289658,2.1711380144214534,-0.6603569907776505,-1.2260160513273348,-1.0869713393693534,1
-25.447645659830084,3.341988197295116,0.49696001185703936,0.3643501661749093,2.525222331450248,-0.0999604060479504,2.549571612526603,0.3385573277442311,-0.895114953810705,-1.1328684759999466,1
-25.77142195477943,3.3007521839788265,-0.4123104646839388,-0.13592107059119962,0.9566635611454192,0.40671876606484875,1.7820250639638648,-0.14455689060201019,-0.6160000852775495,-0.9654000321474094,1
-23.59727678865196,3.194906987053391,0.5324902233024872,0.7014271598238841,2.7068345867606456,0.5334721795960724,3.0400236063624764,-0.17046344556867657,-0.9200207436636333,-1.8851244960084443,1
-24.817171481314677,3.303611726974706,0.38188164642997025,0.07381375626233337,2.272505889628865,0.4981152742100555,2.522289259177857,-0.03997059183776082,-0.5947418843574036,-1.4242410794200113,1
-23.987514229679913,3.259537435112211,0.6940735864405659,0.8305208097163301,2.8607140321935507,0.44857328234050814,3.2069550693580338,-0.06341079865155455,-1.2189664482743634,-1.626861820029271,1
116.26849195764594,-40.591969335104096,-11.654876213674761,30.6447324469754,-1.2693059845479262,-3.2408278749735304,2.6938954664023056,-7.825315389156059,-4.912644842433562,13.561544696637476,0
103.73072246446829,-46.185562150125804,11.116128817089772,12.92714991181404,-15.036185422579639,-4.717630544492508,-3.0635808515882794,7.637897726930954,-5.390672919203396,7.604957105655225,1
92.22568399524323,-37.7630246828239,7.741517939561414,11.9788760493682,-5.169167995930392,-13.636233639063814,0.4681746884169008,3.2778733786579646,-8.199975343765523,2.8103941185343007,1
117.26014463637753,24.508965813490843,5.246396200686822,31.33022635675472,-25.6990803751273,-20.548575731002355,1.2332722884327922,-10.343266246848732,-3.2885915196576256,7.138536856736395,1
94.46916510899631,4.702038623048352,26.134905101233265,46.69542827714291,-24.365329470547778,-5.092463591131554,-0.40247247433041544,2.3397459172714763,-10.5957726114659,-2.666122663134271,1
133.79448128334457,16.5231594419532,-1.987199412621893,27.233010947584003,-21.35264928963194,-28.07344196848338,0.13468898799531312,-7.972424778518627,0.003607781804510732,2.9401271676824634,1
133.54799412025338,0.4842269048766277,16.40264661695241,51.8813908815458,-24.862428495479712,-13.473842112254728,-0.11736342584620688,1.1595654995397828,-9.623914030506556,-0.27992672586620265,1
146.96787552290436,49.62474959611768,14.235997708301484,42.410207677505596,-42.94435336961823,-34.48021568121005,-4.24683189721487,-3.2656007724277973,-11.686051987637292,-2.6058261184472298,1
152.43343990701177,32.80965734094505,10.867251081938084,49.24821003639448,-35.64530625201088,-30.86472188166587,-2.8113617601364016,-9.67168446829118,-10.332519639290494,8.271172651488236,1
142.23479920998915,-21.375887345241154,-6.630707338667325,37.01488145804927,-20.0938209961489,-27.25731099930001,-5.896594291848901,0.23138062001084803,-9.060642852184946,5.132183532615035,1
31.273279392905906,17.89151863837939,11.016417793329518,29.251069472949514,-11.944733722023983,6.825864735767946,-3.1722267089110576,-3.95543243831942,15.724606103108606,-0.4393190322703048,0
32.97842768096756,29.986837212097942,13.33431373696382,29.56553630331215,-19.915710324239484,5.70037597349948,-8.475195197347958,0.6743452857220713,10.319248396398782,-5.568799270351232,1
25.60750458197374,27.12462333448208,15.183926116571769,31.06298500072819,-21.36723606372688,4.4847194448220735,-11.412550682615478,2.262055330157402,9.129149615572114,-8.095540695675393,1
31.088189618229276,30.644767379198466,15.254847806768627,33.174501915754355,-22.14655476983085,7.765724586675954,-10.095232634192898,1.0998700157168677,10.454999019899232,-7.001029054018989,1
14.78629084189733,22.279163165495696,20.62616965782664,37.612988154148816,-20.54241787429254,11.88678748806986,-9.252445958381195,1.138526562536142,11.732974321053646,-3.6392252876248405,1
28.018824784817213,25.691224890404982,13.081724265432442,24.674464618767736,-15.844268429248618,4.26643416215276,-7.5054063743113675,-1.178967067255866,8.297266661701295,-9.852671619443937,1
36.28285655713023,31.302453730557893,22.499504513779037,45.14470448287799,-25.52041381004611,14.372183218059048,-10.297349448079316,1.4588310004852385,11.484959250822094,-10.968134220768539,1
14.392422343171154,15.684187397575004,11.140325870424906,22.103340369160946,-8.712414619920432,2.72694998941464,-6.215176232320109,-0.02049611539050175,8.933801019130119,-4.544538814869814,1
46.126182140269584,39.39199631756858,23.33440528806659,43.606281435286604,-23.579132157832273,11.140124156724388,-4.407719302423107,-3.346643465074651,13.12781307002615,-8.552062382438612,1
12.656541657935493,13.642547051784613,15.726933263978472,26.9200031839441,-11.199291379213049,13.513686741895203,-1.637702508696379,-3.1206833390251516,9.972251864476844,-5.183608045196457,1
-24.85706164219488,3.3234303735800768,2.361908759097768,0.44738127929574595,5.2922951199628665,-1.719344113590744,1.3448148017761026,-0.7068771189730922,0.25903714898924507,-2.0551392555953907,0
-25.3978896560322,3.3746571017343046,0.969133903927405,-0.12776668968768173,3.3196192323369416,-0.7997416300367978,1.152812965120748,-0.6711781510352625,-0.6783609575434159,-1.6328702274907947,1
-24.87089187344528,3.0545350001120952,0.9183312134318715,0.02330378451062918,3.4975692382647594,-0.7053568698748042,1.3014771034218844,-0.4986625316221973,-0.8329183342745202,-1.3321275729595603,1
-24.80425622656065,3.408824728412858,1.2853778011519794,0.16567718611137686,3.8046581708646703,-0.6035126204023782,1.4072408831544323,-0.511187852236681,-0.8050406193659563,-1.364703652420999,1
-24.76219609160007,3.399964552055169,1.4475709889321604,0.06881198986733418,3.927538437339041,-0.6720770690420967,1.702885561517552,-0.5333508771262987,-1.3518955025220045,-1.5023925440512615,1
-24.67400230180902,3.077282713612954,1.19361231482737,0.13888487192350982,3.428326347995924,-0.42862174114247337,1.7426329238726266,-0.80824337949948,-1.3740140615212142,-1.4200529734116578,1
-25.121426274849014,3.4349687534076567,1.0521226707502234,-0.02897877745076342,3.4747037976656188,-0.7280846244333785,1.6370268007326871,-0.24825428442325617,-1.4080308376108877,-1.1444615355006853,1
-24.987977929831928,2.9287791679378072,1.093184838636575,-0.34446388433394987,2.6329524326776266,-0.3006746920461464,1.5318667896388825,-0.4662866450701317,-1.4766901103504388,-0.9185209499241943,1
-24.78758910063232,3.2178635275747203,0.7266182593193347,-0.23038122691158033,2.9375469637609415,-0.47815859847273623,1.417579771767502,-0.6135837390898218,-1.306353983816181,-0.9321583444964221,1
-25.169160197185366,3.4708732194518133,0.08608781742099084,-0.3217322550291525,2.274677407146771,-0.3759831117601246,0.973880088531691,-0.672400399170895,-1.128251340776417,-1.0656369215883779,1
-28.818640701559268,3.2966419911384275,-2.740212442283946,-1.0194101059438518,-0.30310718377455226,-0.8923941020207062,-0.3813709845701519,-0.3472381317318046,-0.04112070616508299,0.28602758015003377,0
-28.05103779506368,3.2743943789327137,-1.0243585953941263,-0.6204742564454871,2.106001696269906,-1.5057403272590695,0.5156403378435722,0.21343149672085504,-0.40517933059000655,0.3746680804325261,1
-29.193123858954046,3.3399722033646304,-3.6293587199291433,-1.2676128851613653,-1.5748859883326713,-0.597106877335056,-0.8984249429414677,-0.6182594050501642,0.41068891446287464,0.2782181334035838,1
-28.274077189898843,3.3351573352115635,-1.540746443857681,-0.7513381567644235,1.3713183906981798,-1.2783091293321551,0.24029337625406594,-0.02921880732535269,-0.2615024347339774,0.359236703762576,1
-29.17873291951803,3.345849444837465,-3.5949072660752432,-1.2411120456303986,-1.498710812268335,-0.6345248293713216,-0.8761099006930716,-0.5766368896815335,0.43203192487909253,0.2999988610586305,1
-29.10338861690727,3.3388596147003198,-3.45163431561849,-1.2043577652664714,-1.3093859793020908,-0.6361921879253083,-0.7787261419380579,-0.5727094642123037,0.29017944457698847,0.2782982681229385,1
-29.190757259438087,3.339412956053818,-3.6356540746667405,-1.2445282017082788,-1.548418446844467,-0.6344524535769461,-0.8924825606585067,-0.548440704915021,0.45602035493741044,0.30695061573854815,1
-29.207891946965713,3.330524108644063,-3.668931214642907,-1.2744767116601528,-1.6232113500805398,-0.5788657125845087,-0.9289824541276742,-0.6373801625582969,0.39585895747382455,0.2856801953096739,1
-29.21692778803122,3.33973907418746,-3.685721094622185,-1.2683399675860456,-1.6359664597531933,-0.5978170953361516,-0.9389970723639591,-0.602530221247822,0.45393460724767337,0.30125384258529336,1
-28.50759611522218,3.276955595703248,-1.9475760511231228,-0.8073984350541611,0.846055085924308,-1.411688863188264,0.009255830535132736,0.2191869931297569,0.2813373405365686,0.4308972206507435,1
-29.300247065477805,3.385788337718412,-3.8238226350506226,-1.2671453162454986,-1.8142483149084376,-0.6193126182531244,-0.9518181251413389,-0.5882729085004725,0.5383249505089528,0.3490614957428958,0
-29.32736578222392,3.3785940158383045,-3.8846881051286206,-1.2908113356394595,-1.9192591510088561,-0.5714815434274412,-1.0177852711550712,-0.6676229095995039,0.5292708277116932,0.32327610336856827,1
-29.335887683843964,3.3851887170473756,-3.896694074476719,-1.2882992174231556,-1.919982004189394,-0.5673596505688993,-1.0187525941698727,-0.6705399519978604,0.5198670368386608,0.31826097734638714,1
-29.297777650329735,3.373031096106649,-3.807832538284085,-1.2719342459398262,-1.8248212599050513,-0.6120899421259719,-0.9458067757699745,-0.6091182476668758,0.5378753616579286,0.33879426109089583,1
-29.29600181525929,3.377026958691855,-3.8256783409260224,-1.275219702567948,-1.8531479789471745,-0.6057880436239396,-0.9703849117945846,-0.6153670969967717,0.5368985246947627,0.3406469289366268,1
-29.30495361288248,3.363235645388421,-3.85769827456725,-1.3088988352086197,-1.9150025657218737,-0.5816365809821524,-1.003254051564342,-0.6756811447272357,0.5279845988222718,0.3208442393472064,1
-29.307201852888568,3.3605465365136222,-3.8625700730967845,-1.3065729776646302,-1.91876820738948,-0.578237496983595,-1.0060488234413205,-0.680729569982179,0.5273906152004467,0.318777353962659,1
-29.292431121373525,3.3584570631608255,-3.8246311048946526,-1.3068645749235936,-1.9011328320601988,-0.5906599771964649,-0.9882531634666705,-0.6608125936015271,0.5321275954904424,0.32283820702679494,1
-29.30407495443733,3.3687461095751634,-3.861400924489353,-1.2766546951320357,-1.8922428839880416,-0.5815697120016885,-0.994000631131366,-0.648550784189949,0.5272465239762726,0.3332675499392799,1
-29.29404511408518,3.3663609890787844,-3.843630097548456,-1.2797865757475408,-1.889861809372387,-0.5898147660997161,-0.9899897090908955,-0.6430769816007833,0.5270005915840362,0.3312726606787835,1
-29.360977766080335,3.394350801598031,-3.93395489512059,-1.2973200865518544,-1.9238708783252214,-0.5557308704278899,-1.043238024891238,-0.6806262608730606,0.517289900577227,0.307259526415262,0
-29.36795236464398,3.393034870420916,-3.9443374288374,-1.2994716037709326,-1.9393822608837452,-0.5508456763358894,-1.0480472673831525,-0.6861573151005758,0.5180654812398957,0.30834664537174006,1
-29.36753919157052,3.3924585712986794,-3.944101062635533,-1.2996704662207326,-1.9392596018305968,-0.5505342632406519,-1.0485012008519468,-0.6861406434830547,0.5181952700299285,0.30848794025433535,1
-29.366960064902354,3.39339194018065,-3.943521087328554,-1.2996395423160267,-1.9378023383736382,-0.551410071980173,-1.0476242609736521,-0.6855555064125961,0.5178597153633256,0.3080217845975237,1
-29.36087446785935,3.392151163763169,-3.936517821672748,-1.2986619481024075,-1.9263017200890602,-0.55391058370384,-1.045356704449374,-0.6823986680586736,0.517642066424011,0.30786349988219786,1
-29.36689504226536,3.3922054886392665,-3.944886001626881,-1.2999260337140608,-1.9390785896624896,-0.550334142142947,-1.0488652050549683,-0.6860371710500729,0.5180824889106266,0.30852181815506713,1
-29.36669684196335,3.393174582093627,-3.945416056216363,-1.2997046578425422,-1.9403856389843948,-0.5497705571938319,-1.0491765233632449,-0.6862784243397263,0.5185736048348742,0.30826499358027476,1
-29.36833228826017,3.3923220298365733,-3.9451663790423064,-1.2996641662162371,-1.9402172335652574,-0.5501978753900821,-1.0484507939652614,-0.6868469227851995,0.5184355006691873,0.3089583705765055,1
-29.36824046671317,3.3920587183146447,-3.944247269771541,-1.300430337089699,-1.9393227198461154,-0.5509043775673361,-1.0481554099317714,-0.6870686319394118,0.5179925496111618,0.3084890064583943,1
-29.366860781319346,3.393541269321891,-3.944940303163698,-1.2993833264837178,-1.9404098957324234,-0.5501145432333943,-1.0491505509304528,-0.6857319579750203,0.5182828800024485,0.30779413592009597,1
-29.321739285424155,3.383662796587443,-3.8647359104778527,-1.2783740438303444,-1.8132226296200724,-0.5792307522465246,-0.9984643137082782,-0.6490292418761735,0.4923486595626455,0.3061693952384454,0
-29.352684828121248,3.391223177688201,-3.9309418647474295,-1.2984226522457891,-1.912165304836221,-0.5538425687565018,-1.0363572558858274,-0.6780977853812203,0.5132237547904831,0.3062658851644466,1
-29.352209690882873,3.3881681808551396,-3.936482177414187,-1.299320356713729,-1.9174542514506687,-0.5503260758290167,-1.0400445336888877,-0.6807690509193859,0.5151928335546121,0.3061977800594581,1
-29.353329497671222,3.3890278959868505,-3.9273533319636194,-1.2967204599878506,-1.909950057707354,-0.5537402290495598,-1.0345943569889353,-0.679608663008891,0.5083279452113634,0.3064752308008407,1
-29.354324463980618,3.3833774452051726,-3.9360587947161516,-1.2978947211744531,-1.9202213898524114,-0.5486821631767695,-1.042668642111543,-0.6799095674004814,0.5110145253050747,0.3072709564752871,1
-29.355842584319678,3.385140399247878,-3.9359079252239217,-1.2968099217162523,-1.9182822328199682,-0.5498669919461321,-1.0404189095316165,-0.6801887400118358,0.5112377623823029,0.3065606837809144,1
-29.35672350787596,3.38776899277552,-3.9417034398415582,-1.29971988720516,-1.9266630516483836,-0.5483523747531696,-1.0441038866072176,-0.6828201847179235,0.514394740215274,0.3068005882565951,1
-29.351533730032294,3.384293326754309,-3.9284011345439773,-1.2958526263364212,-1.9100917384357134,-0.5506805451334098,-1.0374602910801338,-0.6769782786683347,0.505832836837125,0.3065076677772733,1
-29.352240076653093,3.38329337676505,-3.925080674029082,-1.2960090609832584,-1.9088029324922346,-0.5523133367010589,-1.0372159839747714,-0.6750893891051535,0.5067800027311,0.3076380205406413,1
-29.35613223866049,3.3842252657123466,-3.935058458320436,-1.3002950495581396,-1.923899214201291,-0.5485366363236553,-1.0438890637161573,-0.6809159148866526,0.5110350832184842,0.3069130736439457,1
-29.309486395793133,3.3639518837783147,-3.937569376917482,-1.2868534615409644,-1.9325823372214042,-0.5251800996563252,-1.0469157232620865,-0.6564018849723612,0.5173377767272049,0.29317231467578786,0
-29.288217307215437,3.3530990505111515,-3.9237096111576424,-1.2809105348288203,-1.894545234907867,-0.5314819111654473,-1.0238718154838575,-0.6414280521558686,0.5096898555182465,0.2871597498520195,1
-29.275372226703286,3.3617649270750007,-3.8786069004755928,-1.260979871442298,-1.8558403689808505,-0.5421058683311349,-0.9995707528857072,-0.625129579756817,0.507898211009394,0.29011722496296444,1
-29.30324388282394,3.369953383337043,-3.921377464384395,-1.289078461581478,-1.9116337864138016,-0.5365115945976306,-1.0322013398594319,-0.6519018628189489,0.5105712191252706,0.29080363541584425,1
-29.300253455154795,3.3589016211198475,-3.937874544709456,-1.2876640025212958,-1.9183356196296828,-0.5243877427662517,-1.0347937450174383,-0.6623679834030066,0.52246559908234,0.29134192929618163,1
-29.261031315155712,3.303415696719643,-3.942637587423355,-1.2927679429611185,-1.9243447457557008,-0.5025002819337561,-1.0499579815038198,-0.629151414067617,0.509806744749659,0.27943065950393264,1
-29.29119029035064,3.354284020679323,-3.8968676882577475,-1.2936620858853116,-1.8952517839338727,-0.5388001894526113,-1.0240664531779062,-0.6351916289161278,0.5083236699353926,0.29299456056880946,1
-29.24383897430792,3.332236668904057,-3.81866393955189,-1.2597490986389492,-1.7823338896179755,-0.5623683704372165,-0.9642615930158646,-0.5707958658080581,0.47969778477921987,0.2934909950790625,1
-29.264721573131315,3.3424010551587773,-3.895568488894944,-1.2920416570460715,-1.8904437921365809,-0.5298297524485933,-1.0238359376259203,-0.6153488635351144,0.49661670793039675,0.28174488702874345,1
-29.244213464576998,3.358013456122108,-3.776977053752749,-1.2435029211180237,-1.7391569649083332,-0.5830986029389846,-0.9332080292651614,-0.5601368515150017,0.47387358348981307,0.2966347274939489,1
-29.14788753534166,3.3670556773581835,-3.484731535907245,-1.1854639210087692,-1.2829336983251332,-0.6573674769756944,-0.8318312414632383,-0.6319047104956196,0.2915309692985814,0.23926417728440566,0
-29.31437266330839,3.384237627177284,-3.833032758511067,-1.2744262134860291,-1.7815535066292179,-0.5752021875218668,-0.9996651193210373,-0.6764582832221243,0.46445031466198244,0.2918121629905423,1
-29.326619218985993,3.384072531484845,-3.864567055567387,-1.282874590645608,-1.8273730303191669,-0.5630693821243431,-1.0152335686421174,-0.6802261536892223,0.4778599429211489,0.29557500069544185,1
-29.285602802580204,3.381269949437939,-3.775746179698007,-1.2625046398454232,-1.7031303568176166,-0.5853173549216083,-0.9732250752026194,-0.6704747007966313,0.4360427992695645,0.28237248715873675,1
-29.158408562641643,3.36481699309305,-3.4874729461379657,-1.1844109684311805,-1.2801674468438857,-0.6770315587003395,-0.8436247987563378,-0.6281137860485744,0.301357175272253,0.25123235774373365,1
-29.21289748915814,3.374363637289407,-3.6169860764617208,-1.2203420796781528,-1.4734631499784705,-0.6284656125675792,-0.8969271891675589,-0.6497244926578829,0.35907980251078264,0.26098900705290073,1
-29.250170490958762,3.378159225666991,-3.6993916469838557,-1.242205927427723,-1.5930250178756937,-0.6043314091402288,-0.9340517322704375,-0.6637698383049656,0.39835334699529384,0.2697123794852821,1
-29.30766039159435,3.3841736574723704,-3.8207623270248843,-1.2715342854321012,-1.7636306737264182,-0.5767872434842871,-0.99219888977517,-0.6749188635157263,0.45714126210702144,0.28946399898645,1
-29.30896565209869,3.385053012170796,-3.821109232706137,-1.2720517679517604,-1.7668300735083717,-0.5771141309512182,-0.9932446112698664,-0.6766476068519012,0.4589608772408674,0.28945245842661815,1
-29.231886578300895,3.3771838916329426,-3.6646081007609674,-1.2319415703852257,-1.5373208324273335,-0.6172137951117441,-0.9208852850406011,-0.6540279982306829,0.3821903955875921,0.26802133956422525,1
-29.36325773785523,3.3933683191337853,-3.9424388684681198,-1.2991775695609855,-1.9397760366090657,-0.5448367531905574,-1.043034837101228,-0.6883027763054504,0.5158641521938503,0.3064546700762655,0
-29.36558734188636,3.3912817633845753,-3.943215084055652,-1.3002725226881227,-1.9394188166871196,-0.546285865442571,-1.0435699866744583,-0.6890638952104156,0.5142164468841088,0.30623841901826265,1
-29.358792651702526,3.3944426925830067,-3.9387386554903463,-1.2984879241025507,-1.9397153309586737,-0.5394356351662222,-1.0389154208910862,-0.6890990438169193,0.5125656531812574,0.30360971165221395,1
-29.362520964840478,3.391399452156559,-3.9428724340342454,-1.3006604859703907,-1.939972214497967,-0.5437516153247762,-1.0432171077230465,-0.6887286438890131,0.5150030566522152,0.3054711136826584,1
-29.362679788401213,3.392035441774324,-3.942314025266516,-1.3011085828306286,-1.9374266637149906,-0.5454525601091434,-1.0416825949223194,-0.6888805804027328,0.5138768416681057,0.3056339996679144,1
-29.362508182827913,3.3923665071292928,-3.941575735364034,-1.3005582082397418,-1.939340419383553,-0.5440470368137206,-1.0418490124461945,-0.6891472015383142,0.5135383900843767,0.3051480408496449,1
-29.360082810779982,3.3931627502067627,-3.9403780670399997,-1.299176078105026,-1.9392931004708642,-0.5424852724780086,-1.041430847166209,-0.6889504808617466,0.5136899192166194,0.30516442472600613,1
-29.355593555375297,3.3927629471467324,-3.9371284640325697,-1.3005638957260168,-1.9362151084293466,-0.5370349704952591,-1.0356974484383838,-0.6896893245415173,0.5107738376505058,0.30318779090954423,1
-29.353964074591044,3.3924916421534443,-3.932004256967214,-1.2986152970800604,-1.9358889687791476,-0.5353985248371094,-1.0334147513356469,-0.6911080709483729,0.5091740066424537,0.3007273496738143,1
-29.336749016213602,3.4016256595913803,-3.9346153063854308,-1.2992026373897492,-1.936882406769629,-0.5239048293622858,-1.0280547251858807,-0.6880818029514479,0.5089612514952728,0.29731092900780864,1
-29.257673709801868,3.3462400187693273,-3.705587142515944,-1.2420389670334722,-1.6929813770088904,-0.7138607135703486,-0.8463897474319088,-0.4284658463861677,0.613414534598452,0.36314529222762165,0
-29.22668302610088,3.357870656408825,-3.604032679160793,-1.1864622040369797,-1.5129494618701749,-0.808241927972238,-0.7371908930388484,-0.2712832347379097,0.6677543938781991,0.4007734269842024,1
-29.288593972325806,3.3389402838879274,-3.7770433062017896,-1.283582650430374,-1.8081732306619263,-0.6549212268779775,-0.9253363839249813,-0.5252594336690367,0.5891913929574107,0.34957373192581215,1
-29.287036972133848,3.3472153851862307,-3.7459229524152153,-1.2691527229584303,-1.7648970448719863,-0.6723920800350484,-0.8919093938141209,-0.49610039509851306,0.596480906344425,0.35147082976181265,1
-29.308738302665535,3.3350321568755494,-3.828701093488685,-1.3135917813527969,-1.897974261108993,-0.6040061131899433,-0.9717700361027222,-0.6223257014095722,0.5618234650497955,0.3217253200735588,1
-29.27419380206312,3.3326101803323476,-3.7718139939824744,-1.2827639777606001,-1.8066828639568158,-0.6629736512833819,-0.9089437633528844,-0.5467415940792067,0.5942717411260425,0.33931188055576683,1
-29.26897898942831,3.34599767317368,-3.714100845019634,-1.2538152056062652,-1.7127564587930364,-0.7031118692814402,-0.8560064687621878,-0.45419188005443767,0.6184585378849548,0.35918594387817876,1
-29.174455807057804,3.3383116709130696,-3.4828477513818097,-1.140799758653848,-1.3544542913029711,-0.8971217742684775,-0.62592512934487,-0.1118008677615276,0.7200550245910916,0.43752756002118964,1
-28.979990083042537,3.3141574182701112,-2.9347633652919543,-0.9201532624083183,-0.566215800586447,-1.3513572607044684,-0.11880618108018334,0.6533512278037421,0.9742171775253484,0.6181687452672547,1
-29.29001154064026,3.3379819315882724,-3.7714082389343244,-1.2859119791121985,-1.802311900295268,-0.6610804505004395,-0.9191128840636905,-0.52688229051887,0.5933397027528885,0.3480383137476913,1
-29.31731390580568,3.365089810762112,-3.911920130198408,-1.3085202482318492,-1.879972065680122,-0.5205752958731585,-1.0437016586612422,-0.6938285782677345,0.4843019358839979,0.30026123183639414,0
-29.298471707586195,3.3283967831107697,-3.9004654434514774,-1.3251373214763251,-1.8887375985375234,-0.4933222990662549,-1.0786718413077085,-0.679835580545312,0.4676965806300717,0.29871019545610256,1
-29.250648974619953,3.359180978270871,-3.990674215637023,-1.3206027521860484,-1.8795732746654867,-0.45861966497214063,-1.058591486046597,-0.6736820219690939,0.5130982481729207,0.3076150116742458,1
-29.301047281760226,3.35284341609193,-3.9570131559248254,-1.3133496816393742,-1.9030867466975456,-0.49304911379276817,-1.065298883890973,-0.6768153411618215,0.4978478846506385,0.3055774575395663,1
-29.292742813864553,3.3700896035016386,-3.9419992352293503,-1.3231532170787987,-1.9018302626117705,-0.493689504550128,-1.061004041530852,-0.6749876091527347,0.4943430649783873,0.29863055464085514,1
-29.299408318580618,3.365629785457329,-3.947055448492665,-1.3094878504122174,-1.890999583171934,-0.49920465510336715,-1.0527667554206326,-0.6789322600475556,0.4973703000267679,0.30498577777138486,1
-29.31316303643022,3.3609492008028643,-3.944775249497633,-1.3221393180713776,-1.9157188612363867,-0.5034154008944348,-1.0637820262828093,-0.6919921785325265,0.5058414946396285,0.29988596578091736,1
-29.29236966402549,3.362970279187223,-3.944630785529513,-1.3263754925371136,-1.9040123167006295,-0.4908916280890506,-1.0650311317415595,-0.6788774137293467,0.49794990864931316,0.3000200060895305,1
-29.307282157764348,3.374595486670844,-3.936328653187057,-1.3252604158622963,-1.9090982276854627,-0.5054140957519938,-1.0577593115093629,-0.686071932977206,0.5037509790118888,0.3002083615909792,1
-29.29394107953677,3.350947204203456,-3.9126504210964943,-1.3191194166082139,-1.8826129015085822,-0.49567893812214714,-1.059739972262796,-0.6851369890553933,0.4776605926841782,0.2957855933144068,1
-29.354593540380574,3.38983772253633,-3.9152296502688015,-1.2923906482108016,-1.8991857223441908,-0.560646830258042,-1.0252854032361247,-0.6721278812754281,0.5055217240160643,0.31050203826661593,0
-29.352315921224427,3.389037067014699,-3.9151988499218793,-1.2934407941991215,-1.903300876790543,-0.5567149438260032,-1.0264633764459024,-0.6758286015824856,0.5054450065658624,0.30932437107509814,1
-29.350648988916284,3.3893712003311975,-3.9136072823633317,-1.2947978279846897,-1.9027024274248776,-0.5564018560591565,-1.025101923258872,-0.6771018883205085,0.5051826085810786,0.30924068334150895,1
-29.35097971968545,3.3887630079645312,-3.9142155706221438,-1.2943723632026956,-1.9078797530583855,-0.5523106669108802,-1.025584605681003,-0.679517930482768,0.5045716285894082,0.3068376513871375,1
-29.30534803914182,3.388323298781956,-3.822322741092629,-1.269593081119484,-1.7788450261929867,-0.5832526552683746,-0.9560644083725306,-0.6321848229503267,0.4668720726158935,0.3138920881441326,1
-29.337712286971744,3.385785624617317,-3.9027579620812514,-1.293588328509529,-1.8936763607364604,-0.5530423245292526,-1.0211605591082036,-0.6737462835262994,0.4986579044027984,0.3093630228668645,1
-29.327036940388847,3.3852132353773334,-3.8642271054363775,-1.2825288343189534,-1.845038879393392,-0.5654256405091522,-0.9934686826116372,-0.6591357689413054,0.4856506048157547,0.31046763439098596,1
-29.321589190283856,3.3896737547471707,-3.868103794744435,-1.2809855110194917,-1.8465234672474207,-0.5607547148530665,-0.989848832957869,-0.6598175434994121,0.4846254885089275,0.30872747999176053,1
-29.333041520054223,3.384986092159804,-3.9047234198293292,-1.2944275176100022,-1.8983512939098304,-0.5445700700630184,-1.0194866693314137,-0.6833318653691851,0.49596585462999404,0.30602930474052586,1
-29.33345537932981,3.3882402819357185,-3.8900013081810076,-1.2916220871332318,-1.8817425111456623,-0.5523478598659773,-1.0126670072650592,-0.67588182690173,0.4931684576331079,0.30585018218984117,1
-2.5184307003298034,8.879643721929375,15.377447780179082,9.778567595931738,6.599809775306357,8.778525884028978,3.683885711859579,5.964039216389348,-2.9625002141533052,-4.653688757354964,0
4.811415926897397,4.4788369734359765,17.526628072387933,7.651930979756774,2.988662137974929,13.039600027192296,-1.978142086805291,3.572492394099534,-2.172596339262226,-5.22697579457964,1
0.355821688901099,9.928789766036726,20.342398222315094,10.783955991250888,13.023220165864398,6.969239778893056,7.00428618313515,8.910332759518868,-3.2961027129088496,-4.140931041475813,1
8.281067618923643,12.326692128578346,20.722746631872784,7.487776923071745,4.9493773027041055,10.340481239451302,0.09363958187567317,4.525165229398575,-3.906355346885255,-6.630733779324858,1
-15.85740086191928,2.6870471333225145,20.262294222347272,7.6141177520133025,27.46877221517928,-11.215830984995854,17.055792272522858,15.270665333766965,0.08259924233763913,0.7662724058765904,0
47.70681439073953,-2.478975085865734,2.543771160320089,16.842828255025474,17.375917908226125,-28.23222846296771,15.413945280182608,12.013451715068184,4.123722278021528,2.6583331373632286,1
33.77392433113989,-4.156903059625571,1.9446297621818924,7.348845001385242,16.33898183937636,-17.06960289624105,12.455015223601688,5.54347277624835,-0.33681806787348423,0.5431885048963708,1
39.04055373259956,-4.778982561379577,11.055077841176992,7.128601764902339,13.260534414045537,-24.468934701300736,12.785647071278362,13.43390740443437,0.795957616300454,0.351988809856721,1
8.823985688668516,-16.332906412668343,-4.111143905622765,1.4809144022283325,-2.5148876928104467,3.5487304363827548,-1.7464945141073156,4.764785366989661,-2.4661146525585145,-2.3423107879004044,0
10.79867710685509,-14.911627061913844,3.043601998244588,-7.039282894296909,-0.2886114423575347,1.6520287113327994,-3.56522779152382,-2.8938366764449723,-1.0265991195703712,-2.9282471206247345,1
31.056115872903128,1.7363610537151823,3.5766874888625986,-8.543811118697564,-5.872021428998388,-2.9995841206838554,-2.793699461120303,-10.111750278689485,3.954327604818496,-6.646887406056361,1
30.585105487990674,-11.873135474286041,-0.4351383609850835,-10.764614838817907,-1.1621814216681756,-0.9264882153693309,-5.778369974397425,-8.181963008083065,2.954528424634005,-3.561996989368467,1
119.12366838742507,5.243019011978401,91.46233372698435,-11.686221409521119,67.77207805009691,-8.608871792938427,-19.992179027049957,-2.395386677393768,10.273593865380109,1.4801700448134576,0
100.52920453830244,-29.136675511401688,84.91810267488036,-10.011403002382727,42.616461062031924,-18.80479894837923,-20.268330445503768,1.9822365873961758,-2.8223745910832605,-3.5857293237242263,1
77.75256698022824,-3.758791953127836,80.98080143221185,2.426453373693478,53.56211958923348,-5.931785574578609,1.644025274908485,-6.997965642806512,5.362902101876616,-11.666526657068019,1
95.03805319274767,-8.652907927559383,67.08323539053264,-3.8836676037978153,52.881819152668385,3.292303747881147,-6.7932091267136885,-17.091637668785232,0.03947524710639703,-16.7692228841483,1
-3.9649560746174894,12.076367512495864,17.383901151279456,18.775738755861322,5.950638023469976,12.09517527384595,14.558890152131452,-0.9450668018206515,-2.277471715609852,5.992509528712728,0
50.8007975070756,40.51260615044867,39.76424677228426,53.49808099304182,-12.689890403822574,37.59802699564702,11.53937041198435,1.1942384416745957,0.4091977693047005,12.183111672016945,1
64.97637627952432,47.35253308740336,52.32494357756213,70.39702249816105,-12.9835723927491,41.54715722322101,13.636388569836413,7.92179871593325,2.3232403436023756,7.3139056396955375,1
52.38651169417521,39.54612330800631,38.844276216704344,54.27081497697718,-11.1730635256261,31.252365299748902,10.507670710672294,1.7510685213821982,2.4524671009716394,12.637796180321454,1
19.352063946611878,9.147542721704575,4.169338740992596,-10.607734032885263,5.3589780505832145,3.865765166815114,-5.192258272026821,-3.8785307234756066,-10.446741540631939,4.641513579492272,0
20.898065960859313,11.209579524362494,-5.241445419524583,-13.496824766773518,4.742070499853688,5.666064534266883,-1.031202954869145,-5.314514708680869,-4.543961592965518,7.226466010318946,1
31.622162190507762,7.795375862249828,-5.242317423510345,-15.30228909448288,10.199726970253527,4.055875304100253,-1.6965913211509516,-7.0468296445714556,-4.485094124569402,9.05488408747268,1
23.345098219910632,8.726148389232293,7.1203467103160225,-12.836299921886942,8.967103105235369,1.9075465176790607,-2.7554397776581907,-8.583540350165439,-7.415013586325149,4.943203006153282,1
-18.28217419545558,1.1764043394324448,2.5643020638092056,-0.5717201627329728,4.303510658842905,0.8484746825143815,2.9957431879497096,-0.27381469834957833,-2.690977767000627,0.16073125018324588,0
-17.264848201193846,-1.204050554954815,2.7389173743382664,-0.18661911138275694,6.388272078660082,1.0133920965885574,3.8720902208053527,1.0680722357745147,-3.156731604518029,0.2886950801467796,1
-19.781412936544434,-0.22770074452798283,2.6744591235855326,-0.9636058647795318,3.0507876001498575,1.2944473394884948,1.8233475880332595,-0.6998364214955237,-3.4136387459797235,-0.6613742857518461,1
-19.64886423169963,0.598196463064039,4.127543026256981,0.07193212736218267,6.246263877132777,-0.39708745201353607,3.97142540659402,1.4977258646108291,-2.8847551629176924,0.33051176074418115,1
-25.591296870531952,3.596737441156808,1.7921634055120144,0.4848808964221497,4.525537572471708,-0.5227917409008029,2.7141999672286716,-0.1832916649058403,-2.4558094933708654,-0.7612333266493854,0
-25.91297708059708,3.2803216789913576,0.5544871300910105,0.02845623972142127,3.1271388099765662,-0.6648885053413629,1.8991705241181867,-0.03036890391765419,-1.2451358072071246,-0.4045494593811126,1
-24.644803035620818,3.194356741916306,1.1689317046579515,0.16431958567910884,3.6166263217535795,-0.5570518638577179,2.497089305635002,0.08483799008337006,-1.3561849377076136,-0.3353705657706702,1
-25.18922385137803,2.83119041520058,-0.1699596904671194,-0.37793407906483406,2.6583554323143477,-0.49062175494757737,1.6911381262943739,-0.13949220828451564,-1.1486854211353297,-0.35064265891549873,1
30.394843529908588,-23.942297585786285,18.818749215408676,-4.824753100378421,7.781430185450953,7.756375166385032,14.691588713930761,-11.071007955068048,-9.822599223384215,-3.917154535924028,0
21.688511491608626,-5.076133081827673,19.110910286248046,-5.695302014465696,-0.9959507971207985,6.58446197602736,10.541050498223125,-13.080690936159401,-10.762708768277736,-7.787889798200269,1
33.29493214784441,-27.828468446591632,26.51314438364072,-3.4197237775485343,3.433345948308676,14.170526431918027,11.263297193589668,-11.823093521592424,-17.00756439936739,-6.461266814229485,1
36.13970570073831,-3.5084668321845682,31.263544382973837,-10.00914914753008,0.50548878306728,7.217190541610391,13.496652018413844,-14.966775753251559,-12.796771144502546,-11.44981008369715,1
54.411195722300214,-39.35211591056675,-23.527169313445956,3.6237667968300107,9.02556675752049,9.01679693977865,-16.615435356227664,9.315643911317702,-3.877119647512101,-2.075751016782399,0
48.92434900898328,-59.642785093230586,-14.121088247674379,8.320116499005323,6.487623923716988,15.034984999412377,-18.140621938520198,14.986168784219934,-8.496367505193845,-1.4769399642790786,1
56.4989196883139,-63.422886550030604,-21.22278792913918,4.530282899642633,4.40183203681813,13.078935314762912,-16.34869910643112,14.992658272882258,-7.392430025641773,-0.305547135371662,1
60.21204546368,-64.18568862692359,-30.521406917981253,10.027888873611893,7.895023390783697,11.977379382889385,-15.210409638712322,11.625072223566587,-6.6794498129528135,-3.6441389317022677,1
-27.818790501032932,1.7698569416836607,-1.8015791996916044,-2.2230168233526424,-1.2286360840911095,-0.31925414259541857,-1.7353213455859497,-0.9562028115683032,0.5536133482612219,-0.1887356842492397,0
-27.691504669857334,1.8437254368533642,-1.0031304938934285,-2.9444888396477014,-1.62447806641906,-0.22628817593390096,-1.0693173910214604,-2.661818610409581,0.39671211401434586,-1.1482876623501763,1
-27.69706700504012,1.6248926995495483,-0.6516407117599079,-3.0445622874625755,-1.5089141999649576,-0.2669776740900244,-1.387594429110637,-2.4164619288190097,0.897712314911904,-0.8637968801894899,1
-27.549606637280124,1.6398211889781467,-1.505085672604784,-2.5919791158019576,-1.470249693459507,-0.19590019724936145,-1.5046311027532973,-1.850674340121265,0.8226892944448219,-0.6060958303530931,1
-23.169779116186973,0.0750141391757432,-2.454559697301736,-0.645817523590278,-0.5886213406300506,-1.342877552096781,-0.8556318411229024,1.1260567393796492,0.7287082799443596,0.2539933836282885,0
-23.98687076310168,0.13090729989063954,0.9696781968437357,-1.57091029237311,0.11603936146279947,-1.4985062171565995,0.2136257553864174,2.153781389892519,0.39030034149789206,0.5052903166276335,1
-23.8028951174395,0.17525723944698307,1.420346746213247,-0.5509933843025541,2.450809949382057,-2.0460792832850014,1.2343735502984994,3.3188127049668403,-0.1616782139692964,0.4379865069298133,1
-21.309225290797723,-0.13120015109443203,2.8985374205383216,-0.15733821478779064,4.44354035563733,-2.982750781410661,2.573407308798692,4.226730167815633,-0.23477633763837016,0.2200856420453144,1
-26.302059882743443,2.614890750227326,-3.4454001942660524,-1.6101893944690084,-0.6475662487987196,-0.37544209418316404,-1.340129524541784,-0.14956979202337253,0.5391134226645433,0.5258227417890378,0
-25.837871369576863,1.0909165784468908,-2.9089787576489137,-1.1652563798026827,0.2168988192805296,-0.13618636239440327,-1.3677508326708248,0.3591369221273366,0.1648050306621148,0.6502101329480482,1
-24.61454719710698,0.909184747336948,-5.53774792301696,-1.2418038432115244,-0.8193145019927742,0.680502634276001,-2.320213524369036,-0.37901936264792047,0.46090901111498883,0.7898820688196778,1
-26.72018185790651,2.0304368905597747,-2.7454115861611883,-1.2648057401448038,0.22122400775366804,-0.6014373243538884,-0.8548611270628621,0.027907497898896513,0.35344686529907066,0.46404566641690775,1
-29.211890574257637,3.3890937259809024,-3.8183122228661612,-1.2409773881035286,-1.8881324280783358,-0.4809197574999076,-0.9111322462081224,-0.6967075202533741,0.46121576078564025,0.2827595615245207,0
-29.09933121350308,3.3849149150141646,-3.7439055456458914,-1.2291121894076158,-1.905620347017402,-0.43525251865177883,-0.8633192100786051,-0.6716394813604316,0.45205560156012775,0.2738069463881748,1
-29.000890808397525,3.3833583277146593,-3.6513440698209783,-1.2412485648446492,-1.7954295225757366,-0.4929079336967853,-0.8002208566626543,-0.5947577557572293,0.4280355605978186,0.27404364686933197,1
-29.026862946047842,3.365112113845545,-3.7030647667868464,-1.2701175612822648,-1.8858789489572778,-0.42821052011430055,-0.8166689471290338,-0.7064074046859617,0.43666101791823964,0.21530989718348767,1
-26.090433966524092,1.925813050305342,-1.1612473461228743,-0.3947516511773024,1.0211637665031743,-3.3912712983501687,1.294739037979057,2.2868678942307463,1.831496809201946,0.9678418949961934,0
-18.273547265063655,1.5475148034996988,21.46590462012983,8.41077755891672,33.9408840387778,-20.162000205449573,18.517327762699672,27.99871031647403,11.795857237498147,4.744853718932205,1
-27.40260498626701,2.6172622247764172,0.19464817208421245,-0.23768547214668415,2.373250696548554,-3.26446253288679,1.908510046736119,3.351980903648078,2.2766857298194934,1.0316626719756652,1
-18.387290590086828,2.0201753594457403,21.98983544259173,8.90264184609162,32.64986864878927,-20.09271921087391,22.94774258916561,32.08565047023366,12.25839875483013,7.389645572474558,1
-0.07600959407037267,0.4122329488638628,3.169567020986615,-5.877848316024885,12.17535006229183,8.577054694207181,-7.378842813062836,-2.075511735470072,-2.6388730132348956,0.2560495630425914,0
-19.240179386422852,3.3457556798540216,-0.9604524694686083,-4.623568167171359,1.5897647296082824,2.4048760483025964,-4.418963464995665,-1.5718744587892117,-0.2869803187689204,0.02735829982468292,1
-21.372870907417788,3.4315576596629027,-1.8200137252571822,-3.3354534755634293,0.9364920470964627,1.8491159927758634,-3.3438631628138125,-1.2317563851218707,0.12358344142451078,0.3594304545709577,1
-18.99693382037857,0.9425597099111391,-0.9295260228204647,-3.1175670223166074,2.578137755308374,3.243788066119235,-4.6404851468674995,-1.3544153906858571,-1.2753301353956092,-0.03009494474440064,1
-28.63412525688827,3.1626430148804863,-2.875558292723862,-1.1324773503365853,-0.7176029137210856,-0.8006708221851595,-0.6712936955066204,-0.3463588638496651,0.36366990413049777,0.5245617597345559,0
-28.830090518453115,3.2922480343881992,-2.914060397903441,-1.1323533520267022,-0.6468825244944955,-0.9229855612303232,-0.49083493916924004,-0.20047569828419826,0.45215127601778754,0.5107949649769257,1
-28.536435309678648,3.302698454895388,-2.0597190139235573,-0.893210614204473,0.5321298829383077,-1.3309717790319582,0.009017102736850736,0.26779012834840604,0.45368340117610645,0.592673528085396,1
-28.136453682278106,3.3117475822863707,-1.267357660403743,-0.6421096111347483,1.5874019401775388,-1.689131229357871,0.7031758454010345,0.9757063491477155,0.4678038435120938,0.8378171822070786,1
-26.542656062445364,0.7196982110854561,-1.5443479905565904,-1.7433142242817388,-0.37510120201392394,-0.5450796321479051,-1.7377553576525708,0.5533995465982213,-0.08092757610427843,1.2875793015391948,0
-27.293438474791543,1.0555195444801158,-0.7238532949921533,-2.8802741960066314,-1.5461086678071585,-0.5323716063117934,-2.0049635949241122,-1.1086661888162925,1.057457289054006,0.5187227075641316,1
-28.042167388948155,2.46771287672683,-1.7467399434286033,-1.6548617623074704,-0.7027567064115922,-0.8779330259341338,-0.7905228771623379,-0.4885914622759723,0.757542402057368,0.448810879504411,1
-27.919513332560182,2.085074410441693,-1.5927084719070925,-2.183927268673273,-1.377595150638767,-0.6288501325791974,-1.2990761276503733,-0.9548757377254237,0.7052696534954823,0.27800460490356366,1
-23.8934883631398,4.211765401382529,2.622517810702664,1.019739684693832,5.813192476962225,-4.856940268760886,4.010041438425945,4.798745355859556,-0.7008678122973507,1.3081260133552715,0
-26.674034992205346,3.5757830608534693,-0.5817680174346557,-0.15911104644710178,2.2824522921952233,-2.6807956535494917,1.3150360891981205,1.7010770506473696,0.23615121396374208,0.8140189966670723,1
-26.168122157148442,4.192481484061873,-1.5760165741081642,-0.3559288554187728,0.6219097061744868,-2.9709286416925775,0.9108725134866216,1.7902076073667788,0.3888835992768301,0.9001271982111424,1
-26.60846201700361,4.067170811264875,-2.141464529373564,-0.6425917000754692,-0.06273962408160758,-2.2142451522967095,0.39687381208456174,0.9231467191666602,0.4501061052721999,0.8356730206827476,1
-28.759084296267282,3.1066463054770286,-3.1755717759511652,-1.1756448652116283,-1.0289334007214266,-0.8872058594521022,-0.5405760403687792,-0.1478208865287886,0.4861888166650336,0.4286124956656902,0
-28.708249956974697,3.0906756738540495,-3.241788484183837,-1.1585743899970784,-1.1292219114619246,-0.845964565551948,-0.5618009821089054,-0.11534675048734341,0.483291483684783,0.46880620542588286,1
-28.559345110028495,2.988262491012255,-3.0308321233843207,-1.1966905817085909,-0.967036268787896,-0.9288883410545886,-0.469974688542587,-0.054120633055924065,0.48372235575565675,0.4561104438991291,1
-28.524228655111695,2.9894532532760083,-2.7525981813979348,-1.2457476918531056,-0.822192789970004,-1.0009999736458368,-0.3339832766641308,0.0028461351411738236,0.4900355751377661,0.4543666077141736,1
-27.12998216578629,1.2030216106281957,-1.6627356769559625,-1.9640917926597752,-0.7679307513134535,-0.44114606464641276,-1.736635131774052,-0.1413774641981993,0.21111253914442268,0.6081224185585543,0
114.46872297216746,11.4545203976688,69.82556138458911,-14.334915498277251,56.59181053826936,-4.563747963665821,-16.405418695405885,-2.8861555805156773,8.771702427811714,5.560063670421281,0
-24.027553551104038,0.6185799048998427,-2.0747235550490304,-0.5720813589725575,-0.11583952238483275,-1.944475439631259,-0.22408403414020667,1.4669782735632897,1.052589003956563,0.46364534006686187,0
-29.298119217164462,3.3694602634126682,-3.8948767052827544,-1.296222551402674,-1.8814578431938158,-0.513355113198256,-1.0195644154341557,-0.6943527544080542,0.48009857846375437,0.2970746591166314,0
-7.603803287412781,2.591418171820713,0.20856080011451772,-2.8165659568392853,6.883089057253988,3.0677939332409982,-3.7337932714135573,-1.2830090426272163,-0.9636873030047635,-0.39032995842039286,0
-27.66192622461502,3.3010450056527536,-2.0672436941705263,-0.7646779699718761,-0.045761712929465355,-0.41961175322233063,0.33010469913230656,-0.4011663088105752,-0.16288479444232087,-0.19167921088082773,0
12.216176951162877,-3.6630354511632985,0.083309926424507,0.6270742603930999,0.17343962488430317,-6.867452371928026,2.9558429481866515,-3.200360981420978,-3.4344948165465174,-0.26327051332749113,0
-29.080364865947203,3.3401901615206318,-3.404669208974138,-1.1785000101809529,-1.2086334912677912,-0.6762015269001662,-0.8107321376643735,-0.5943760350582515,0.30101203408556626,0.2767602238933878,0
-9.107556567087395,5.659747769630309,10.021649527031135,5.45222539047212,5.639974066816155,5.463824302341321,3.3962473278861,3.3566633354401136,-2.8490058794800563,-2.6412975119052957,0
51.6715514020374,-36.96671388983064,-22.396100061048003,3.5229469415833377,8.398060743496341,7.877285675315415,-15.62510866903291,8.687403487694985,-3.7622149193221675,-1.9181248522475705,0
-29.28016809339698,3.389449697832313,-3.864683238719599,-1.2655765253629874,-1.8934209762514664,-0.5190658933796453,-0.9657498521034383,-0.6849471706520278,0.4824143478552739,0.29603319933453887,0
-29.262753556949058,3.3759908178372897,-3.8804642132578064,-1.2648861363725248,-1.9112979173770375,-0.5039864521759596,-0.9818970856706735,-0.6757018583570926,0.4904642786067086,0.28818626601832165,0
-20.635379683391903,2.4493375767095475,2.588715883991105,0.09568713881553818,4.936622873428137,-1.544193660957776,3.4211073964217387,1.8534545652742316,-1.8563893752162521,0.6419118743364128,0
-29.346631692771997,3.38427278679906,-3.9409332265602126,-1.2953669677107553,-1.937551751966959,-0.5387589356150214,-1.0442348032132633,-0.6784390526720318,0.5163197954228969,0.3023477790962243,0
8.843102172150852,1.7639284515686764,-3.6549315493772174,0.9100212494140006,-1.0620479014778998,-9.18091592350419,-0.24362653748884508,-1.5467582845001662,-2.6100745086569335,0.9225832902261719,0
-29.340046778474093,3.3913997270415877,-3.8959975366890363,-1.2869202766198626,-1.8860891881178925,-0.5776444785784363,-1.0117299281684504,-0.6487964473730465,0.5245396830603706,0.32166667952286104,0
-29.360231841529952,3.3921352886884946,-3.93293628342158,-1.2968072957492998,-1.9256002190408368,-0.5503582864013123,-1.0368360002366193,-0.682653833564218,0.5122521482535978,0.3078681785483486,0
-29.26469909206248,3.375489624896319,-3.882841558692122,-1.2658006582274044,-1.912184009195995,-0.5048687650500482,-0.984603876988956,-0.6748983810414169,0.49158304937920017,0.28839384024193837,0
-24.655895038613266,3.9355850073997316,2.2496443454268094,0.7795595296065396,5.2349666696256705,-2.910676154906526,3.4281394255106856,2.5615447142384924,-1.4889303334188901,0.3788731748262403,0
-24.996948336471448,3.4326317981733716,1.7700893230123658,0.3494083199174287,4.369498832149996,-1.0745349747805961,1.5757422535054095,-0.7711188783679443,-0.24579177062593835,-1.8976533115166345,0
23.747379235076824,-16.526700276627537,11.967687660259974,-2.8311620102217776,4.999386442709411,2.408822803640643,10.400132538469606,-8.192917611757784,-7.486636034216071,-2.5810244368074384,0
-25.45676743979921,3.6606879056132633,0.9319988395896733,0.26820753346148785,3.1157929453704765,0.0899404952391584,2.4034827698968586,-0.6065414597911711,-1.9336269600906457,-1.1760004243842037,0
-29.318574292514377,3.370379559098574,-3.898481652932478,-1.2999343463158486,-1.8609612441741377,-0.5372808813774754,-1.0308176683076498,-0.6810693365722651,0.48659371296246134,0.3019439282978818,0
-29.2624079942886,3.376079838880849,-3.8800419531775723,-1.2647237005454706,-1.91114053124494,-0.5038297372536693,-0.9814163099690315,-0.6758445706406699,0.4902655644319257,0.28814939703535786,0
-23.018179958606446,2.7446789502278732,2.063988510704297,0.1129131274666192,4.447374811801541,-0.04004860171709089,2.8133149574785374,-0.21515955912892615,-2.538598562445938,-0.4366632311256443,0
117.31697310501663,-23.76039259937599,26.21194331614546,15.09991125629786,24.08414986276802,-5.212087089480021,-5.636910702402803,-5.831330770037517,0.6640630690438514,9.125008507614973,0
-29.31361058241598,3.378914557869995,-3.8445429588604227,-1.2737638136842317,-1.7979663016730183,-0.596312733653502,-0.9791689437322111,-0.6210439421422054,0.5077096164109255,0.31339855287501245,0
-29.35604815901887,3.3904304689078244,-3.919797763592902,-1.293530093880363,-1.9060003670746752,-0.5579925010091132,-1.0282653280814602,-0.6748434592446738,0.507258098196917,0.30982253191614156,0
31.505877279122465,-23.576848457234476,19.728368768984787,-4.910670195221731,8.532613744140642,7.551454818175466,14.257289752212243,-10.962374621420587,-9.57096117015643,-3.849570976981481,0
44.52193197741982,-58.63444074449587,15.780341214319888,-16.830095050578397,-16.96286137916874,2.3815222330039654,-0.7922245727170723,3.1997256646247507,-3.6801358391798478,-2.2826294090978214,0
16.74680904261152,-20.333526991657696,-7.485549565200633,1.8533311608647531,-0.5092158833984793,4.499052356984123,-4.330640191490045,5.555701247318672,-2.7113400857074432,-2.2959840664739914,0
-29.31285710028791,3.3659418438116013,-3.9373327673658025,-1.2875386229529107,-1.9320120716896572,-0.527180000217983,-1.046674975456,-0.6579876499709558,0.5173346426806071,0.2940944852776571,0
118.99466687256997,5.415157032255154,90.86271844479525,-11.759624106944262,67.46224166817419,-8.496770134336284,-19.892779898826493,-2.408987251900814,10.231972266561948,1.5932352714058295,0
13.977863788028088,-18.935351256480086,-6.3062295020469445,1.723175335032735,-1.210177547040662,4.166924622359551,-3.427507862156949,5.279284283847974,-2.6256363196272625,-2.312174779017169,0
-29.31425493869762,3.3665605881310476,-3.9380012125104167,-1.2879463864262146,-1.933220287900269,-0.5269232883539091,-1.0465715590389921,-0.6592309155150132,0.5172070929550909,0.29435021872599076,0
-16.340919509783095,2.3858132196182207,16.733177038465616,5.981798052093893,22.84943902216848,-8.810114672014498,14.252109211410843,12.170975204828686,-0.4704735693571359,0.6455227932108439,0
-29.258846664714493,3.34732962973047,-3.7088446940904687,-1.2427306817263515,-1.6963224491017437,-0.7112557825960144,-0.8492944452552499,-0.43286875227889676,0.6113457125583236,0.362757264128525,0
61.83011085856998,-25.33244288109903,-22.982694652999626,-1.6774826574075383,9.184255866560497,9.622339183729702,-13.840548225218695,6.712368322066772,-2.712491974492478,2.4318069276371066,0
-28.66434380383442,3.1491014639822996,-2.948109838994059,-1.1429164476702673,-0.7928912240661811,-0.8215973841940726,-0.6396825562236567,-0.298346897543888,0.3932983610121833,0.5013585776748678,0
-25.92663484534429,1.8220146726611683,-1.233780198304856,-0.40883218152642525,0.930882168933943,-3.2763912071857555,1.174139762043768,2.221766108239714,1.7696491068215328,0.9278071203277403,0
-23.367100996144742,0.20005565872597472,-2.367182435151855,-0.628855303651125,-0.47986291488491245,-1.4812687436673362,-0.7103509893228734,1.204482110088805,0.8032135936290175,0.3022215850030317,0
-29.313604669115986,3.364550579191442,-3.924074586320646,-1.2982529678306496,-1.9049025926476852,-0.5227573827838222,-1.0452247134157482,-0.676093121689169,0.4999566910660062,0.2969019935115239,0
-6.930281110196686,2.39644343742794,0.47348614715158066,-3.0904631495128054,7.356595013941048,3.560715160061914,-4.059920926256622,-1.353915361381036,-1.1135684996418784,-0.3324974831509568,0
-29.27136847697621,3.389403820129251,-3.858706935571888,-1.2624061850387764,-1.892739387407397,-0.5141496139379393,-0.9587107272530255,-0.6864628461887229,0.47968227092532767,0.29432249099732255,0
48.26678180057934,-35.40962283387186,-12.69326542777672,1.4622727090314156,8.707263211140631,8.694326939770345,-8.605754576926264,4.099863157370353,-5.398228564663509,-2.5468610891148638,0
-27.1917710565985,2.823864870665544,-3.2279986099220355,-1.4279364661154788,-0.6742860843795836,-0.5376720020331068,-1.0849605583692907,-0.224647205391608,0.4721795963015375,0.5253416618689202,0
-29.08446947114631,3.353492905556807,-3.341325571659525,-1.1534793719618068,-1.094203862760036,-0.7026372626361823,-0.7450655855542024,-0.5770734972112788,0.22745707960647782,0.24827153644669894,0
-29.35579990917842,3.390690517850641,-3.918767988695977,-1.293322119133855,-1.9038502507217825,-0.5597179062460402,-1.0286777461172785,-0.6737337424183402,0.5077454488150588,0.3098893304288802,0
-29.309811474466393,3.3896042466409764,-3.88481568803595,-1.2762564916088712,-1.8957170533611216,-0.5356274271972505,-0.9894626425659843,-0.6798412949679572,0.491617930565357,0.30179608452339024,0
-25.300325367132096,3.691513451318077,0.2826229043334115,0.09539021488825944,2.040527672715499,0.5667103149503032,2.168928116674207,-0.9295462694222046,-1.5376831957750698,-1.4850664175956787,0
-29.331273746638317,3.375870987396079,-3.939542422721861,-1.2918470074520183,-1.9354971175936833,-0.5331446843322628,-1.0453432457092822,-0.6693276533295125,0.5167406859072449,0.29855412822298083,0
-14.434398551743561,3.7118054191372756,-1.2314272240499424,-0.43772939901379426,3.0180850922134987,-0.8670609575033765,-0.12986648617702765,-0.5857735564103214,-0.2240455559754307,-0.6976752134402858,0
-28.88493089504822,3.262432062093191,-3.172941129911734,-1.15834404244047,-0.9935829810606274,-0.7307137847515996,-0.7496640300969492,-0.48575506184916273,0.3284535164245651,0.3852867579821796,0
-3.2382656323154237,10.470430508847976,16.375919878623694,14.255833052239634,6.27676220757167,10.428991289182884,9.095618005502594,2.525858352711877,-2.6216092409133243,0.6441826491048054,0
-0.19293085498030846,-8.007619779993384,-3.3091312567033078,0.7197119060567893,-0.4048931407392097,1.6051025897037945,-1.3904804176779393,2.577062610013137,-1.3280951994630268,-1.760248148863161,0
-19.605822869599926,1.6147155901122932,2.424471285650867,-0.38037454531445397,4.343718717034517,0.6001446073548207,2.9447569988558384,-0.2574213911738881,-2.6483898686400873,-0.006232316305232706,0
-29.360671132990515,3.3941340393088457,-3.9330555253368784,-1.297083326609344,-1.9226852551960603,-0.5559669830002045,-1.0423757640459035,-0.6802180853922521,0.5167246773989866,0.30741526361418964,0
-3.39313207554577,10.812674932786019,16.590732769301706,15.219079132426137,6.207261235076099,10.784075066884316,10.259906781707727,1.7861626004210234,-2.548269409503116,1.7839752111953011,0
105.47014054951175,-50.556328136510466,-59.79694227961466,5.4559150009138815,12.833735115089663,-7.049008851989557,5.718431307381303,-6.372865200728452,11.659378441223335,-5.594400918222783,0
1.4910571621947866,9.94892973901465,14.859998478201332,12.089038410029975,4.399444009162741,8.546836775902337,2.8703873875860504,4.787064121240997,-0.7452189413784557,-4.15364113578459,0
-15.507161234602465,3.0049337311186837,-0.17317510352825807,-0.47508612260566807,3.3764626867404255,-0.38876835779501734,0.7415557925791285,-0.4987991970654002,-0.9118280729876229,-0.4583508592760605,0
86.73407737440637,-39.999988319260545,-17.323427020168268,17.743289116594916,3.6460889348990064,2.611703598554326,-6.5255469688235115,0.3588153301778151,-4.418222481943696,6.0953539209572325,0
-26.12673099076289,2.0440002289993293,-1.5530138781967633,-0.6032174856892941,0.7349514967796852,-2.8740112780305442,0.8428194915054322,1.8689822243930898,1.6098336407912797,0.8920289690341782,0
-25.366067664419674,3.703803324522155,0.3520756770991286,0.12212629871442399,2.165342770088073,0.5030447199652363,2.1939971588223655,-0.8918965758905908,-1.5815713673652287,-1.4556365039726278,0
-28.73204433062049,3.191474212322813,-3.0059020627434947,-1.1496823838402959,-0.8707716934963126,-0.787038576949945,-0.6987899440155887,-0.3592525526069004,0.40288860922190206,0.4992136878893711,0
-28.93012944188782,3.32048529765817,-2.992319637803583,-1.0756388339642704,-0.63489359032186,-0.812809973393211,-0.5339047114161574,-0.4436312174766658,0.0715209731475606,0.2701926734963521,0
-26.43663904763341,1.5548014772411716,-2.3820332767012555,-1.684653704104001,-0.49516100901711263,-0.4703300438653808,-1.5625443302341855,0.24364105052687804,0.19228913012903817,0.951916629845193,0
-29.33741152843006,3.388557481665914,-3.886330693516793,-1.284409162819181,-1.872332176604239,-0.5791944227600574,-1.002058217803134,-0.6456165547007631,0.5158926897617638,0.32269287604124564,0
-29.31570244283837,3.36485554377415,-3.9172005847951996,-1.3040596695399047,-1.8908030328910146,-0.5215232947586811,-1.0443633436760797,-0.6861234804604293,0.4911030813347752,0.2988018242515648,0
-12.790571839432626,5.357262864919137,8.248600827520656,6.849313035453014,4.9352932048593505,5.162329995995182,7.430976665263179,-0.5312843828787203,-2.53237078155963,2.3976048567649446,0
-27.722406121785443,1.6905401437826038,-1.7821509406729066,-2.186785658487267,-1.1641699688547478,-0.3363103781851943,-1.7355051825979655,-0.8421849762973963,0.5056874940151924,-0.07723199061296392,0
-28.749134026377163,3.111105225570304,-3.1516822266746582,-1.1722075114545298,-1.0041426982154356,-0.8803152256889294,-0.5509848587663151,-0.16363011863877422,0.4764328498104357,0.43625276785399486,0
-26.779999542799377,3.3104273777743587,-0.11464467694266799,-0.2645946032226649,2.576304602607701,-1.317945202872428,0.5069297003280496,-0.532309496129225,0.11334147885587756,-0.9187443048366583,0
-20.485409596124953,1.9059807616909907,2.331551390190506,-0.2532221758468797,4.370437645535355,0.43512511073612115,2.910875821743602,-0.24652776382605254,-2.620089496464113,-0.11718240431969816,0
88.8534353410313,35.094190744201605,-18.530413939120507,-24.191510506346127,9.524370130032034,11.641273295890775,-1.7316608670877043,-4.849733320967623,1.4426999653843366,21.135957489449158,0
-14.851347642254298,1.169132536145336,1.661018034265323,-0.24645487845313085,3.5279684446621906,-0.6130882901318102,2.628134507651701,-0.41385649934070473,-2.5910453462194556,0.21805800225503744,0
-28.97502620239793,3.210415703183399,-3.405124440784455,-1.2044005277147738,-1.3165363498999072,-0.8121290924689524,-0.6730256933927734,-0.2693698122228515,0.5412909975248696,0.40025827811574644,0
-9.075864124196553,0.7899858420063451,2.870366355385399,-3.254869641307151,8.284063178608188,4.756585234956875,-2.2503730412201444,-1.1848787220670125,-2.6646299595487797,0.20893085525468877,0
-21.905602119332162,2.3762614133567435,2.1815216809981566,-0.047920255092178655,4.413578385772434,0.16868241871508652,2.8561708188584927,-0.22893876703534116,-2.574395336063247,-0.2963239041804751,0
-29.3569603138193,3.3915108205990347,-3.9221715120126186,-1.2942180998521053,-1.908337054746045,-0.5588243753983494,-1.0319408365004272,-0.6752784182473143,0.5098844469236159,0.3092999675245262,0
-12.785908639891066,4.912196020467987,-0.6037766562113897,1.087464255690501,2.968093156344323,-0.22916663950716973,0.33712840194750004,-0.6813056440436522,0.15025569144193657,-0.36258605202305777,0
13.647007388857018,-24.690821963728435,2.3968752269465488,-3.169051101892214,-7.023504789469907,2.7978385908481895,-0.24616601567098845,3.995018871663174,-2.642014181621562,-2.350473603897307,0
-28.89301693456838,3.196350584426462,-3.282069300009927,-1.1790272754293734,-1.1164299197018601,-0.8080324939698509,-0.6409059079757482,-0.31457521670645566,0.41913423366859,0.3633869077846509,0
-3.187716362670948,10.35872002264382,16.305803754642948,13.941424166584978,6.299447712100289,10.313089966397811,8.715587664101118,2.767299166212232,-2.645547770373337,0.2721480084292171,0
-27.598251590427267,2.5929971969860217,-2.299363434882288,-0.8359651505197466,-0.13716432354401956,-1.976445999548017,0.2577652577481998,0.9112411920610923,1.0713825753824202,0.6631711846467027,0
-29.35826642804529,3.391334397182758,-3.926764059795333,-1.2952677294155597,-1.916392585992835,-0.5539446934231431,-1.0328096634910324,-0.6789846701018578,0.5099060397000901,0.3087862961284104,0
-24.999867254215754,3.434910427871473,1.757740241047554,0.34736398674429136,4.350243487867289,-1.061080193775945,1.5805608550170336,-0.7724593661991281,-0.25632568236727993,-1.8943671625442429,0
-29.245587844749522,3.3575525712233016,-3.735344390308885,-1.2417587306639581,-1.7444974918405125,-0.6523687924346431,-0.8634805188275225,-0.4992764763973399,0.5732369928122026,0.34192500921592,0
22.922367022645275,-23.45186792114076,-10.115778319260427,2.1436167299038327,1.054133694726157,5.239794370050705,-6.344889499672393,6.172191942377579,-2.9024845569313804,-2.2598740408666034,0
-29.31702666254457,3.368279050374767,-3.9338349907215537,-1.2877790768714168,-1.9269996432363972,-0.5311088413664073,-1.0432999239379113,-0.6590306970628115,0.5153625643699179,0.2960692113824773,0
-29.295625617216558,3.368408957160314,-3.799865532246847,-1.2635635605004965,-1.7642112823394955,-0.6341070583853962,-0.9364774396658397,-0.5591257442080292,0.5416961298887752,0.32939325072329056,0
8.345902539421985,-7.021720985667391,-4.231306570259313,1.7115090645776168,-2.0381727216737264,-3.8484406864201346,-0.7148184759600218,1.5060612698218203,-2.178796336516206,-0.7733574116347612,0
74.59770665126263,-39.756729694679,-19.652765015227814,12.441789109549498,5.665937841161674,5.016643484239694,-10.314028062268964,3.7218630105903023,-4.21505295427945,3.0273242876631863,0
21.950298033759648,-20.963378043859787,9.842169465660017,-2.3562144589736302,3.7506343123466435,6.109169124991323,8.256418508355369,-4.871621812896876,-6.9426873947833325,-3.300635722560654,0
17.87603309155984,-32.01938938134368,8.103376647879738,-7.246333945724051,-10.976847480147198,2.139425439899367,1.0693843128993241,3.3200556440069673,-2.796250192932043,-2.357631099924328,0
-29.353314761036614,3.3889888108250497,-3.9151161259289644,-1.2929439315132893,-1.898526648628904,-0.5592722821693535,-1.0259171242092273,-0.6728722663365899,0.5047938352624382,0.31015075446574913,0
-29.163222295310945,3.3668777470141658,-3.5233963230777814,-1.1966017340628905,-1.3369715675822142,-0.6449864334749957,-0.8510076068863024,-0.6375094321576247,0.30897864579390305,0.2447850131957553,0
-28.641388518009123,3.159388198547649,-2.892996617148318,-1.134986467996536,-0.7356990405255706,-0.8057006829691156,-0.663695714063329,-0.334818816976257,0.3707913325474009,0.5189846957402253,0
-29.28270758452254,3.369495119201637,-3.77511167166464,-1.2568019376964221,-1.7642884488367279,-0.6582647865951384,-0.9083834699768476,-0.5224351825808317,0.5692605511720075,0.35486377456963625,0
-29.320710237190042,3.3703929598274214,-3.932010666627832,-1.288231258906229,-1.9242723829557666,-0.5340051530437886,-1.041533531958334,-0.6603149255766424,0.5143976327038985,0.2974844047186094,0
-24.894389758192183,0.4046523171650511,-1.989152621697686,-1.2069866737657116,-0.4794447803205226,-0.9349496007258374,-1.3066769365740665,0.8332471573439728,0.3147273859661639,0.7824838390637586,0
-29.31664614828545,3.380687730216962,-3.8520837725267922,-1.2754854483986384,-1.8036635929091531,-0.5899336742033159,-0.9863745663855862,-0.6314947140100015,0.5019732527765003,0.31069891134984406,0
40.28191889822787,-27.04978701392755,-17.693860786449083,3.1038045398292704,5.789304986113973,3.139950087554544,-11.507984069157343,6.075594540023219,-3.2845169140176074,-1.2628193172339781,0
-15.873248002239547,2.7637094831692233,0.1879598467614071,-0.48783433095386924,3.498761213031689,-0.22554810916991228,1.038933926973771,-0.4691186697795019,-1.1465380256299615,-0.37667997285100346,0
32.226176094967094,-23.339922644014464,20.318087927177455,-4.966371456970293,9.019616617085799,7.418602072467012,13.975727623186215,-10.891946102356345,-9.407820678799006,-3.8057556045759764,0
114.60326444348946,-24.847752205862697,-55.986903735670694,-4.076593372505386,12.815989586639684,-4.716032582500197,8.880555182135938,-9.75245600178172,12.502984416080094,2.664767211733331,0
26.847746967311306,14.712350549435735,8.106029762755872,24.06869970283605,-9.9877473827345,3.576098704354446,-2.535356389297868,-3.46032840250538,12.378338955569943,-0.24254806008598961,0
-28.067654401470207,2.194975792758313,-2.1293888805136714,-1.8901524325161978,-1.0726538852239869,-0.4661965263928229,-1.4105491348219894,-0.7700606872477219,0.49563708019539165,0.028983458479456402,0
-6.340967946936206,0.6751934373128962,2.9612881312704884,-4.051946341436924,9.46655624971125,5.917558146737605,-3.808824050317862,-1.4555262992633227,-2.656802880369228,0.22324939489054976,0
-28.719038708951334,3.1245915547920484,-3.0794265414947763,-1.1618109841676363,-0.9291614093293227,-0.8594740010128629,-0.5824670896163741,-0.21144629486935634,0.4469252160952875,0.45936132865340684,0
-29.21756393041186,3.387801955381998,-3.823349732014756,-1.2446122068439043,-1.8876932782093958,-0.483053820134583,-0.9182664685947631,-0.6965525900022428,0.4624581432037328,0.2837014138404681,0
-17.363279171757952,1.7818885596534415,1.6578363348062994,-0.539721559538888,3.996535599514874,0.43878417335896064,2.249310068786501,-0.3483142193231717,-2.1018447347213516,-0.04426652015779541,0
106.5164026720016,0.8646626781917142,-41.34733020314794,-12.883905029287021,11.609116494635844,2.3260190184809013,4.62386924460543,-7.762893016156056,8.370436199901995,10.899877965087784,0
-16.643968140584978,2.2558616116061936,0.9482549556098806,-0.5146730527279471,3.7562355208605096,0.11807843983943278,1.6650022177259687,-0.40663244487822253,-1.640671392807227,-0.20473877625818895,0
-28.66565744726051,3.148512793410289,-2.951263758405818,-1.1433702501515994,-0.7961641145238347,-0.8225070917542051,-0.6383083748183284,-0.2962597487467479,0.3945863523797488,0.5003499021872355,0
-27.551175141578227,2.908281201209204,-3.1401779555452287,-1.3543143189798454,-0.6850797198198776,-0.6032057317428466,-0.9818835469779662,-0.25497517006956005,0.4451412817056279,0.5251473267930288,0
86.76574155201524,34.31480100216409,-17.848554981064417,-23.783478762424277,9.399249387827807,11.407711285504067,-1.8356108692765285,-4.820560175316236,1.0855629378843124,20.640494631476667,0
120.14621112803455,-47.65675567512461,-42.528056337449506,18.288869369822027,6.530827682133086,-8.09132230194021,8.293472228979828,-9.956629789874306,6.271725072468581,3.2685744531021927,0
-27.557393160883784,1.9154922886766035,-2.0848796292350262,-2.117400533980652,-1.1284929818455536,-0.32893772181269076,-1.6672129487328948,-0.8171855574541195,0.5511143929835848,-0.06558680751711873,0
-9.999532270300872,1.1588488781337352,0.383609435543901,0.2135296418250021,2.4312101043579357,-2.680005281649795,2.1082686915645725,-0.6119011839753167,-2.4497226510076606,0.2991285001694695,0
-7.204704643247419,2.4758850019044814,0.3655435252336167,-2.9788649900923967,7.16366717585304,3.3598766588873743,-3.9270417037230705,-1.325024905852945,-1.052500091042422,-0.3560610608999576,0
16.347916417534044,-8.272208920931037,4.341595516006946,-0.6120446910859061,1.9026222754767854,-3.543674737978898,5.623202720564896,-4.989241512675879,-4.886415559946391,-1.0937437912386587,0
-8.47692746991307,8.641320170787923,12.713607899611068,12.67852207063811,5.431557327004976,8.550856054060848,10.91484506588303,-0.7335263849371922,-2.407785262551021,4.154665294284672,0
8.368295931793643,-7.457856475991078,-4.225678156662487,1.700708021368005,-2.0605020286466567,-3.5019575366703144,-0.7631421333804607,1.6586997542651138,-2.192254313014311,-0.8468471144676951,0
-29.359829512260347,3.393539088397991,-3.9305870107533236,-1.2964334878205857,-1.9194310564916424,-0.5566150449416633,-1.040009102957115,-0.6790977596427389,0.5151733003305906,0.30784271798692314,0
-28.86230556667196,3.305980286287842,-2.838950903709396,-1.0414322385577284,-0.4330522225777339,-0.8612247639208287,-0.44111122908487466,-0.38499074311158343,0.0029957106027324177,0.27982579635494,0
-29.326499285197738,3.3849593529418063,-3.873132829668321,-1.2806723784640115,-1.8266453113849022,-0.576379993749632,-1.0038957894313212,-0.6528622598920517,0.4953742685973694,0.30630163848711445,0
-26.872596358306872,3.440901516747004,-1.269877772868068,-0.46901551908351613,0.6615627801712087,-0.08320991387663022,0.9564996821929255,-0.5834309372777449,-0.6298486713137225,-0.6379364845142051,0
-15.956656864700578,2.6252102748920483,19.537842194351263,7.279037544888034,26.5205222350001,-10.721989049204572,16.48025630314294,14.634365465254632,-0.030934737744321976,0.74148510151193,0
-27.17117750153105,1.4538439435532602,-1.9443989294214694,-1.5597475372472356,-0.478028689209753,-0.6218890554024644,-1.4172658087734022,0.2830071102827608,0.05268139544237812,1.0582797810409188,0
15.041969644780446,-1.2839088624727937,0.7793885338250729,-5.658757262341675,2.135492905192934,3.7359741877170833,-3.7815956254739467,-0.3400399830278096,-7.179549406172303,1.7824028402479306,0
-25.0024334002251,1.2363545669853733,-1.6430312756144572,-0.48827855708066015,0.42148759868127395,-2.6282049073763347,0.4936841875760014,1.8544432297078608,1.4206866978319652,0.7019194822433446,0
-28.92858982459844,3.1881010212290652,-3.35576119091748,-1.1982168793817676,-1.254689904975874,-0.8282736805114649,-0.6445435787470284,-0.2432318016079182,0.5294417657854997,0.40635559929786813,0
-23.717197208922844,0.42190922328718006,-2.2121542721922456,-0.5987602682588216,-0.2868994535129387,-1.7268078195217935,-0.452588008272589,1.343627476415475,0.9354038411495782,0.3877899500216934,0
4.1229589983190165,-7.488031267076149,-0.26543216046137047,-2.4060247305990905,5.244577068733052,6.204719096243034,-4.721532010372842,1.151702637502217,-2.557366573342764,-0.96984249180824,0
-29.333477711041805,3.377076699842791,-3.9397420120501,-1.2923521444699761,-1.935791970888616,-0.5339503656305103,-1.0451841770562702,-0.6706351979479156,0.5166802854059526,0.2990985416107531,0
-26.692227744688605,0.8427839951599244,-1.5744972471806522,-1.7995386490366223,-0.475141326553512,-0.5186113406071234,-1.737470074794906,0.37646382775717563,-0.0065550408606041355,1.1145450903555665,0
-28.072061420612005,3.3857266898238296,-2.0927654115591463,-0.7782182239325416,0.19807330021244082,-0.578561659850062,0.16662591293508394,-0.473715524522779,-0.36162452330938943,-0.09809546599138709,0
-19.081021519808647,3.5717461125826873,-2.697577391963939,-0.9294733337720209,1.2543678451052471,-0.8811950209108678,-1.070841261190056,-0.4376265976988165,0.4351663108019299,-0.2799371171493299,0
1.424279243789842,1.0867973991168192,3.2467721205448616,-6.24310299402993,11.648971220743038,8.213236064682583,-7.209988789884237,-2.2147457802913655,-3.241817920490096,0.5947070577725663,0
-26.77467201703103,0.9106291764905343,-1.5911155902169614,-1.8305296876962645,-0.5302836847125827,-0.5040219544111606,-1.737312826195044,0.27893643238087923,0.034439280112898873,1.0191682154189052,0
30.19285242923445,-18.265259999059555,-13.528563567362157,2.7325234164167265,3.478439360836187,-1.0564358463077639,-7.860988107226235,3.7620243639390964,-2.8613665686477012,-0.6823421949001381,0
-29.359104691944044,3.391675983541725,-3.9293965604276218,-1.2959243662441025,-1.920319711983151,-0.5524150633701347,-1.0345269269394046,-0.6805495964103503,0.5109066729604038,0.30839471195123536,0
-25.42740715511648,3.674644731504866,0.7442728052795349,0.22091980181024168,2.8081241820659084,0.2236658279738318,2.3356705051768887,-0.6989133252041632,-1.8196635860546475,-1.2665209892909814,0
-3.6160263212650787,8.423911931205417,13.63321304941138,8.763453487651535,6.212735961243317,7.7770047431378195,3.230615298637773,5.303922975417006,-2.6318205929062994,-4.279487528498295,0
-29.341563833152666,3.3815003366580347,-3.940474285074847,-1.2942054410129997,-1.9368737577558708,-0.5369063286895215,-1.0446005702837462,-0.6754324466843756,0.5164586820859454,0.3010959391755057,0
-24.980026883914576,3.41942220211455,1.841679008948814,0.3612596599791058,4.481125271566745,-1.152534582298906,1.5478080175959654,-0.7633478470386869,-0.18472492894541032,-1.9167036646962747,0
-29.361879859339492,3.3939620727470934,-3.9373116626261537,-1.2980550179751116,-1.9301639106475839,-0.5514205057855112,-1.0431576316435123,-0.6836635497121303,0.516725789205304,0.3069410770879584,0
-29.277220991192966,3.3576582189703137,-3.7541456034394445,-1.2531252948096012,-1.7296686240487797,-0.6727832751472,-0.8927897728832943,-0.4957627482611384,0.5764756840036273,0.3457611685365579,0
31.300180847848086,-28.568530962867445,20.674735617238664,-7.185780462525657,3.806915177842803,6.8384340241248704,13.974210837314573,-9.942799141602848,-9.180933876567678,-3.7607073089466816,0
-29.331008999320314,3.376658165476386,-3.9360585789286757,-1.29122835036448,-1.9289410809308856,-0.5379498535606864,-1.0453785017143427,-0.6665273027908395,0.5173177652303544,0.29906055325597986,0
-28.687174844729423,3.201168735447094,-2.836645335628868,-1.0999696612156948,-0.5984322520196625,-0.8270419598391886,-0.5879387202719502,-0.346611660025252,0.2472895378341551,0.4559813764742486,0
18.437848442367482,-32.99297099661108,8.861470904823301,-7.787990642155398,-11.502039041221458,2.0519569208170103,1.2441518412400578,3.230388489161925,-2.8167400562937543,-2.3585819551387472,0
9.127091360279962,-0.21699741628100955,-3.100387584928158,1.553498719040194,-1.1193798409668156,-9.352467141106802,0.96159749645415,-1.8629085312150884,-2.348969583398229,0.357630939266235,0
116.51623203146252,-36.61492494721505,-2.7075253823883147,26.971728732124756,4.721328218908871,-3.706606305551939,0.7254532675256529,-7.354167292723166,-3.5949539777887147,12.513258987624509,0
-29.303032589130645,3.385995888570795,-3.8285076933433926,-1.2684392634507031,-1.8186017740398046,-0.6163057085986299,-0.9555836838313739,-0.5925708875412604,0.5366436241037184,0.347085134239542,0
79.57959042942107,8.20910537169137,-21.680059202272894,-14.360525549752222,9.563913680039443,11.071076565257473,-7.201733582027441,0.48412793381812347,0.0738365803187523,13.215972291352115,0
-27.68746917230639,2.892170337148495,-3.2932556753658964,-1.3651686188314893,-0.8626026123365713,-0.6640034412185648,-0.8892960617651398,-0.14858366021880864,0.5092715373358484,0.4710101085572684,0
-1.8597634569849104,0.928603377943681,2.467939625264316,-5.152459914573496,10.921318483339672,7.271603779303898,-6.515127431731108,-1.8877236799899064,-2.2419281574845384,0.10288623055937574,0
-20.47923834493995,3.5639664104329007,10.11703637155103,3.8214582365317296,15.013884169792371,-7.558608554520417,9.552720635980865,9.247894642714314,-0.3680003061707403,1.0779115353627455,0
5.95313425632911,-10.931464524939198,-1.7626213808250522,-0.892785113199023,2.2237092121154625,5.170705666621285,-3.563308418812533,2.558326137476416,-2.5218409278474794,-1.504163541945571,0
-29.249660163172326,3.342389164055019,-3.6970685042555944,-1.2409718520558304,-1.682308508155722,-0.7166467923995822,-0.8414745760805358,-0.42395519812306093,0.6113697073408725,0.36419750968995773,0
-22.352347757453526,2.635040718490606,1.2410432788831438,-0.18482980435960325,2.991094711098846,0.6850655664211444,2.5162321655385034,-0.6541059230696085,-2.0221251079210876,-0.7937483544775727,0
63.248675438126405,-13.135781358045966,45.716661123813054,-7.365365205115893,29.994309305343855,1.696776455351968,1.8491479723151283,-7.858665138471803,-2.3815342617600725,-1.9186743935983277,0
-29.21582958983848,3.3662673407194528,-3.6560394065430932,-1.2348110189101869,-1.5223534130981746,-0.6025121330421992,-0.9167938797591952,-0.6567369416725287,0.3688344934269774,0.2637247449821421,0
-29.345073442454712,3.383517849870253,-3.914384498337536,-1.2965096631490223,-1.8942791320559065,-0.5504137650541084,-1.029988361220399,-0.6776695868951859,0.5001028280615597,0.30788684417559825,0
78.73194052811705,6.607284318145909,-21.742268283211654,-13.754830041159,9.545782618402397,11.001890193140737,-7.518778966632333,0.7815658011833783,-0.059228229556873895,12.700960193689712,0
-10.375328335459725,3.3937337872313993,-0.8815996430213858,-1.6894866181572556,4.934625200010329,1.039436778774361,-2.3917870319243564,-0.9912315108118629,-0.3469303427098458,-0.6283089875034602,0
-28.742564496162856,3.0831605681643666,-3.1514324241657765,-1.1940458963267642,-1.032441930104803,-0.8772276495787692,-0.5615662390895703,-0.16202315807133333,0.48737338237178324,0.41776645097336396,0
-6.3719205005603845,10.243900941111683,14.892478061317547,15.523106508702226,5.673728295742621,10.204416328631135,12.614931265717143,-0.8322180682009057,-2.346989016192226,5.012089817429777,0
-2.256333036218246,2.63307556573931,-3.2858255738744444,0.8123750850531659,0.437272371777161,-6.023421528731238,-0.31153615184211036,-1.0187453906048078,-0.8441292038310214,-0.1122318219424131,0
-28.785947779600683,3.1923456674542874,-2.979198805711105,-1.1051736903462113,-0.7015425787552335,-0.8895460656329182,-0.46876508498839214,-0.2377699325909102,0.2483408386240468,0.3642982127137602,0
-26.437730302583457,1.5462055874721565,-2.3734108096691644,-1.6852575089095574,-0.4939252087173,-0.4710994567598043,-1.5643478133949393,0.24682945847012683,0.1894768543482901,0.9553716747987757,0
8.558065841587483,-11.153830327695463,-4.177980892986489,1.6091759764885116,-2.2497288550105705,-0.5657308595405373,-1.172654723406339,2.9522148654694518,-2.3063021956962215,-1.4696261041767258,0
36.46972283843291,-30.29258972526355,-15.885725735083868,2.780417793819892,4.483662341010553,6.86476423530993,-10.763559386324685,7.524591001715624,-3.321799244326984,-2.180659277277291,0
-29.318030458281402,3.3680971276755454,-3.904280114567788,-1.303639008821819,-1.8691640722904985,-0.530072721202392,-1.0363768787967966,-0.6865747202554541,0.48560485230487527,0.30121787498970554,0
-25.325111622680296,2.722141556822124,0.1568553933875548,0.09799692796277237,2.690502615314805,-3.901847987188489,2.240634828094897,3.1618990936472544,0.94932875524219,1.0863823989732675,0
-29.304986929118364,3.365110999807607,-3.9320712563838214,-1.2847384338650425,-1.9305330600931445,-0.5231395621475006,-1.0406556885558962,-0.65826009836613,0.5147503796800971,0.29269225482220257,0
-29.335135338184383,3.377983530132184,-3.9398921254944645,-1.2927320638690205,-1.9360137334651688,-0.5345563278620846,-1.0450645396808405,-0.6716186173925188,0.5166348574896926,0.29950800122222865,0
-28.64520865004448,2.9447524873562765,-3.009172408732227,-1.3024883679268906,-1.0531186843385378,-0.8184232416062763,-0.6852674064001353,-0.24572115405715805,0.49435436252495385,0.3538476473931756,0
-29.15407071008983,3.29645430985654,-3.595454074346056,-1.228242789406741,-1.5549973756872881,-0.7498804857744086,-0.7828440391903466,-0.3701500079306979,0.5869780205838879,0.37674886758406534,0
8.58618188204271,-11.701420567101199,-4.170914134106882,1.595614718649592,-2.2777644329957405,-0.13070368305291669,-1.2333275274383604,3.143860228191022,-2.3231993681025416,-1.561896155252541,0
-3.621317009946734,11.316948291148378,16.907244625229986,16.63835524566667,6.104856385330074,11.307266320144622,11.97540532665077,0.6962723492313759,-2.4402082681077184,3.463380288152453,0
-27.592578310272824,1.5837020195130729,-1.7559814682999908,-2.137983011421941,-1.0773354140938707,-0.3592847829233172,-1.7357528073389419,-0.688605255784575,0.441132336631652,0.07296123191330012,0
-16.60498060547289,2.2815515290471136,0.9097947795005652,-0.5133153931113513,3.743210963543923,0.10069579797192106,1.6333320196166345,-0.4097933638242229,-1.615675235260046,-0.21343656823980892,0
32.916062216190674,18.394177194095008,10.203105261341586,27.84287292839937,-11.381984722285427,6.967742784588153,-3.127186491574624,-3.9806994312944886,15.383798960058217,0.15438123900498305,0
-25.43008688872595,3.6733708822957327,0.7614066910352634,0.22523578597694457,2.8362053241431924,0.21146062382011283,2.3418597777560435,-0.6904824807832173,-1.8300651024892023,-1.2582591143552198,0
42.101203478151625,17.64038112757997,-3.260728187050801,-15.053966102268879,6.722391228162044,6.410838966195817,-4.059537986830179,-4.196424068030726,-6.555097989636302,10.040463247309829,0
4.733575233458987,-8.636891870818667,-0.7649515595076817,-1.9011503072358686,4.236700391682582,5.859732797954694,-4.335104466981281,1.6210058597234227,-2.5455138637138313,-1.1481123632661432,0
-26.464686268513105,2.6530882090487213,-3.4056623164452406,-1.5768761846262582,-0.6524502498280061,-0.4050953843212087,-1.2934883133839947,-0.1632928616529354,0.5268788834263926,0.5257348073098781,0
-18.253255948364522,1.1984203362316692,2.594235031553696,-0.5326417193601136,4.306837564650909,0.8711910275413479,3.0190986986528467,-0.2751705088167196,-2.690142557949061,0.1725104103395982,0
-29.34377912079437,3.3827122436554586,-3.9406748998268624,-1.2947131732574413,-1.9371701259092506,-0.537716149311095,-1.0444406843887457,-0.6767467090334146,0.516397971266909,0.30164314957872373,0
