mean_test_score,max_depth,min_samples_split,n_estimators
,11,1,50
,11,1,89
,11,1,129
,11,1,168
,11,1,208
,11,1,247
,11,1,287
,11,1,327
,11,1,366
,11,1,406
,11,1,445
,11,1,485
,11,1,525
,11,1,564
,11,1,604
,11,1,643
,11,1,683
,11,1,722
,11,1,762
,11,1,802
,11,1,841
,11,1,881
,11,1,920
,11,1,960
,11,1,1000
0.8397849462365592,11,2,50
0.8548854604955587,11,2,89
0.8418887330528285,11,2,129
0.8418653576437588,11,2,168
0.8375409069658719,11,2,208
0.8418419822346891,11,2,247
0.8418419822346891,11,2,287
0.8396914446002806,11,2,327
0.8396914446002806,11,2,366
0.8353436185133241,11,2,406
0.8418419822346891,11,2,445
0.8396914446002806,11,2,485
0.8396680691912108,11,2,525
0.8396680691912108,11,2,564
0.8418186068256194,11,2,604
0.8396680691912108,11,2,643
0.8396914446002806,11,2,683
0.8396914446002806,11,2,722
0.8440392706872369,11,2,762
0.8418653576437588,11,2,802
0.8396914446002806,11,2,841
0.8418653576437588,11,2,881
0.8462131837307153,11,2,920
0.8440392706872369,11,2,960
0.8440392706872369,11,2,1000
0.8396914446002806,11,3,50
0.8418419822346891,11,3,89
0.8461898083216457,11,3,129
0.8461430575035063,11,3,168
0.843969144460028,11,3,208
0.8461430575035063,11,3,247
0.8439925198690977,11,3,287
0.8418653576437588,11,3,327
0.8418653576437588,11,3,366
0.8418653576437588,11,3,406
0.8353903693314633,11,3,445
0.8418887330528285,11,3,485
0.8396914446002806,11,3,525
0.8375409069658719,11,3,564
0.83971482000935,11,3,604
0.8418653576437588,11,3,643
0.8353903693314633,11,3,683
0.83971482000935,11,3,722
0.83971482000935,11,3,762
0.83971482000935,11,3,802
0.8418653576437588,11,3,841
0.8418653576437588,11,3,881
0.8418653576437588,11,3,920
0.8418653576437588,11,3,960
0.8440392706872369,11,3,1000
0.8419121084618981,11,4,50
0.8418419822346891,11,4,89
0.8353669939223938,11,4,129
0.8353202431042543,11,4,168
0.8396680691912108,11,4,208
0.8353669939223936,11,4,247
0.8375175315568022,11,4,287
0.8353669939223936,11,4,327
0.8353669939223936,11,4,366
0.8331697054698457,11,4,406
0.8353669939223938,11,4,445
0.8353669939223938,11,4,485
0.8331930808789154,11,4,525
0.8353436185133241,11,4,564
0.8353202431042543,11,4,604
0.8353436185133241,11,4,643
0.8353436185133241,11,4,683
0.8331930808789153,11,4,722
0.8353669939223936,11,4,762
0.8353669939223936,11,4,802
0.8375409069658719,11,4,841
0.8353669939223936,11,4,881
0.8331930808789153,11,4,920
0.8331930808789153,11,4,960
0.8331930808789153,11,4,1000
0.8180925666199158,11,5,50
0.8224170172978027,11,5,89
0.8310191678354372,11,5,129
0.8245441795231416,11,5,168
0.8288686302010285,11,5,208
0.8266947171575503,11,5,247
0.8310425432445067,11,5,287
0.8310425432445067,11,5,327
0.8223702664796633,11,5,366
0.8245208041140719,11,5,406
0.8223702664796635,11,5,445
0.8266947171575503,11,5,485
0.8245208041140719,11,5,525
0.8223468910705938,11,5,564
0.8266713417484806,11,5,604
0.8223702664796633,11,5,643
0.8245208041140721,11,5,683
0.8223702664796635,11,5,722
0.8245441795231419,11,5,762
0.8245441795231419,11,5,802
0.8223702664796635,11,5,841
0.8266947171575503,11,5,881
0.8266947171575503,11,5,920
0.8288686302010285,11,5,960
0.8288686302010285,11,5,1000
0.8050257129499766,11,6,50
0.8223702664796633,11,6,89
0.8310425432445069,11,6,129
0.822393641888733,11,6,168
0.8288452547919588,11,6,208
0.8310191678354372,11,6,247
0.8288686302010285,11,6,287
0.8309957924263675,11,6,327
0.8353436185133241,11,6,366
0.8288452547919588,11,6,406
0.8288686302010285,11,6,445
0.833216456287985,11,6,485
0.82671809256662,11,6,525
0.8245675549322113,11,6,564
0.8310659186535766,11,6,604
0.833216456287985,11,6,643
0.8289153810191678,11,6,683
0.8245675549322111,11,6,722
0.8267414679756897,11,6,762
0.8245675549322111,11,6,802
0.8245675549322111,11,6,841
0.8245675549322111,11,6,881
0.8267414679756897,11,6,920
0.8245675549322111,11,6,960
0.8245675549322111,11,6,1000
0.8028284244974287,11,7,50
0.8137213651238897,11,7,89
0.8289153810191678,11,7,129
0.82671809256662,11,7,168
0.8267414679756897,11,7,208
0.8224170172978027,11,7,247
0.82671809256662,11,7,287
0.82671809256662,11,7,327
0.822393641888733,11,7,366
0.8245675549322113,11,7,406
0.822393641888733,11,7,445
0.8267414679756897,11,7,485
0.8289153810191678,11,7,525
0.8310892940626461,11,7,564
0.8289153810191678,11,7,604
0.8310892940626461,11,7,643
0.8289153810191678,11,7,683
0.8267414679756897,11,7,722
0.8289153810191678,11,7,762
0.8289153810191678,11,7,802
0.8288920056100982,11,7,841
0.8288920056100982,11,7,881
0.8288920056100982,11,7,920
0.82671809256662,11,7,960
0.82671809256662,11,7,1000
0.8202431042543245,11,8,50
0.8202431042543245,11,8,89
0.8288686302010285,11,8,129
0.8245675549322113,11,8,168
0.8245208041140721,11,8,208
0.8223702664796635,11,8,247
0.8288452547919588,11,8,287
0.8353436185133241,11,8,327
0.8331930808789154,11,8,366
0.8245441795231416,11,8,406
0.8310425432445067,11,8,445
0.833216456287985,11,8,485
0.8310425432445069,11,8,525
0.8331930808789154,11,8,564
0.8310425432445069,11,8,604
0.8310659186535766,11,8,643
0.8354137447405329,11,8,683
0.8332398316970547,11,8,722
0.8332632071061244,11,8,762
0.8332632071061244,11,8,802
0.8267414679756895,11,8,841
0.8289153810191678,11,8,881
0.8289153810191678,11,8,920
0.8267414679756895,11,8,960
0.8267414679756895,11,8,1000
0.7985741000467508,11,9,50
0.8072463768115942,11,9,89
0.8137447405329594,11,9,129
0.8137213651238897,11,9,168
0.8137213651238897,11,9,208
0.8115474520804113,11,9,247
0.8158719027582982,11,9,287
0.8180458158017766,11,9,327
0.8202197288452548,11,9,366
0.8266947171575503,11,9,406
0.8245441795231416,11,9,445
0.8201963534361851,11,9,485
0.8202431042543245,11,9,525
0.8202431042543245,11,9,564
0.8245675549322113,11,9,604
0.8202431042543246,11,9,643
0.8224170172978027,11,9,683
0.8202431042543245,11,9,722
0.8245909303412808,11,9,762
0.8245909303412808,11,9,802
0.8180691912108463,11,9,841
0.8202431042543245,11,9,881
0.8202431042543245,11,9,920
0.8202431042543246,11,9,960
0.8224170172978027,11,9,1000
0.8028284244974287,11,11,50
0.813627863487611,11,11,89
0.8158485273492285,11,11,129
0.8093969144460027,11,11,168
0.8202197288452547,11,11,208
0.8072463768115942,11,11,247
0.8115708274894811,11,11,287
0.81369798971482,11,11,327
0.8115240766713419,11,11,366
0.8158719027582982,11,11,406
0.809373539036933,11,11,445
0.81369798971482,11,11,485
0.8115474520804113,11,11,525
0.8180691912108463,11,11,564
0.8245441795231416,11,11,604
0.8245675549322111,11,11,643
0.8224170172978027,11,11,683
0.8202431042543245,11,11,722
0.8224170172978027,11,11,762
0.8224170172978027,11,11,802
0.8180691912108461,11,11,841
0.815895278167368,11,11,881
0.815895278167368,11,11,920
0.815895278167368,11,11,960
0.815895278167368,11,11,1000
,12,1,50
,12,1,89
,12,1,129
,12,1,168
,12,1,208
,12,1,247
,12,1,287
,12,1,327
,12,1,366
,12,1,406
,12,1,445
,12,1,485
,12,1,525
,12,1,564
,12,1,604
,12,1,643
,12,1,683
,12,1,722
,12,1,762
,12,1,802
,12,1,841
,12,1,881
,12,1,920
,12,1,960
,12,1,1000
0.8310425432445069,12,2,50
0.8483637213651238,12,2,89
0.8462131837307154,12,2,129
0.8418653576437588,12,2,168
0.8418419822346891,12,2,208
0.8439925198690977,12,2,247
0.8375409069658719,12,2,287
0.8461898083216457,12,2,327
0.8375409069658719,12,2,366
0.8396914446002806,12,2,406
0.846166432912576,12,2,445
0.850490883590463,12,2,485
0.8418419822346891,12,2,525
0.8440158952781674,12,2,564
0.8461898083216457,12,2,604
0.8418653576437588,12,2,643
0.8418653576437588,12,2,683
0.8440158952781674,12,2,722
0.8396914446002806,12,2,762
0.8418887330528285,12,2,802
0.8418887330528285,12,2,841
0.8418887330528285,12,2,881
0.8440392706872369,12,2,920
0.83971482000935,12,2,960
0.8440626460963067,12,2,1000
0.8354371201496026,12,3,50
0.8526881720430108,12,3,89
0.8483403459560541,12,3,129
0.8418419822346891,12,3,168
0.8439925198690977,12,3,208
0.8418419822346891,12,3,247
0.8396914446002806,12,3,287
0.8396914446002806,12,3,327
0.8396914446002806,12,3,366
0.8418653576437588,12,3,406
0.8440392706872369,12,3,445
0.8461898083216456,12,3,485
0.8462131837307153,12,3,525
0.8461898083216456,12,3,564
0.8483637213651238,12,3,604
0.8461898083216456,12,3,643
0.8440392706872369,12,3,683
0.8418653576437588,12,3,722
0.8440392706872369,12,3,762
0.8462131837307153,12,3,802
0.8440392706872369,12,3,841
0.8440392706872369,12,3,881
0.8462131837307154,12,3,920
0.8440392706872369,12,3,960
0.8462131837307154,12,3,1000
0.8570359981299674,12,4,50
0.8396213183730715,12,4,89
0.8504908835904628,12,4,129
0.8461430575035063,12,4,168
0.8396680691912108,12,4,208
0.8483169705469844,12,4,247
0.846166432912576,12,4,287
0.846166432912576,12,4,327
0.8440392706872369,12,4,366
0.8439925198690977,12,4,406
0.8440158952781674,12,4,445
0.8505142589995327,12,4,485
0.8483637213651238,12,4,525
0.8418419822346891,12,4,564
0.8440158952781674,12,4,604
0.8440158952781674,12,4,643
0.8440158952781674,12,4,683
0.8418419822346891,12,4,722
0.8418419822346891,12,4,762
0.8505376344086022,12,4,802
0.8461898083216457,12,4,841
0.8440158952781672,12,4,881
0.8440158952781674,12,4,920
0.8418419822346891,12,4,960
0.8418419822346891,12,4,1000
0.8310659186535766,12,5,50
0.837470780738663,12,5,89
0.8353436185133238,12,5,129
0.8331930808789154,12,5,168
0.8310191678354372,12,5,208
0.8353669939223936,12,5,247
0.8353436185133238,12,5,287
0.8310191678354372,12,5,327
0.8353669939223938,12,5,366
0.8331930808789154,12,5,406
0.8331930808789154,12,5,445
0.8288686302010285,12,5,485
0.8310191678354372,12,5,525
0.8331930808789153,12,5,564
0.833216456287985,12,5,604
0.8375175315568022,12,5,643
0.8375175315568022,12,5,683
0.8375175315568022,12,5,722
0.8418653576437588,12,5,762
0.8418887330528285,12,5,802
0.8375642823749416,12,5,841
0.8440626460963067,12,5,881
0.8397148200093503,12,5,920
0.8397148200093503,12,5,960
0.8397148200093503,12,5,1000
0.8332398316970547,12,6,50
0.8331697054698456,12,6,89
0.8310191678354372,12,6,129
0.8353202431042543,12,6,168
0.8244974287050024,12,6,208
0.8352968676951846,12,6,247
0.8309724170172978,12,6,287
0.8331697054698457,12,6,327
0.8331930808789154,12,6,366
0.8288686302010285,12,6,406
0.833216456287985,12,6,445
0.8332398316970547,12,6,485
0.8353903693314633,12,6,525
0.8375642823749416,12,6,564
0.8397381954184198,12,6,604
0.8375642823749416,12,6,643
0.833216456287985,12,6,683
0.8375642823749416,12,6,722
0.8375642823749416,12,6,762
0.8375876577840113,12,6,802
0.8375876577840113,12,6,841
0.8375876577840113,12,6,881
0.8354137447405329,12,6,920
0.8375876577840113,12,6,960
0.8375876577840113,12,6,1000
0.8179756895745676,12,7,50
0.8245208041140721,12,7,89
0.8310659186535764,12,7,129
0.833216456287985,12,7,168
0.8332398316970547,12,7,208
0.8266947171575503,12,7,247
0.8288686302010285,12,7,287
0.8353903693314633,12,7,327
0.8375642823749416,12,7,366
0.8353903693314633,12,7,406
0.8375642823749416,12,7,445
0.8397381954184198,12,7,485
0.8354137447405329,12,7,525
0.8375876577840113,12,7,564
0.8354137447405329,12,7,604
0.8332398316970547,12,7,643
0.8354137447405329,12,7,683
0.8332398316970547,12,7,722
0.8375876577840113,12,7,762
0.8397615708274895,12,7,802
0.8332398316970547,12,7,841
0.8354137447405329,12,7,881
0.833216456287985,12,7,920
0.8332398316970547,12,7,960
0.8310659186535764,12,7,1000
0.8267414679756897,12,8,50
0.8288452547919588,12,8,89
0.8310425432445069,12,8,129
0.8223702664796635,12,8,168
0.8288686302010285,12,8,208
0.8266947171575503,12,8,247
0.8288452547919588,12,8,287
0.8288686302010284,12,8,327
0.8288686302010285,12,8,366
0.8288686302010285,12,8,406
0.8310425432445069,12,8,445
0.833216456287985,12,8,485
0.833216456287985,12,8,525
0.833216456287985,12,8,564
0.8353903693314633,12,8,604
0.8310425432445069,12,8,643
0.8332398316970547,12,8,683
0.835413744740533,12,8,722
0.835413744740533,12,8,762
0.8332398316970547,12,8,802
0.8310659186535764,12,8,841
0.8332398316970547,12,8,881
0.8310659186535766,12,8,920
0.8288920056100981,12,8,960
0.8310659186535764,12,8,1000
0.8007480130902291,12,9,50
0.815825151940159,12,9,89
0.8180224403927069,12,9,129
0.8201963534361851,12,9,168
0.8201963534361851,12,9,208
0.8158485273492285,12,9,247
0.8223702664796633,12,9,287
0.8245208041140721,12,9,327
0.8310659186535766,12,9,366
0.8288920056100981,12,9,406
0.835413744740533,12,9,445
0.82671809256662,12,9,485
0.8288920056100981,12,9,525
0.8310892940626461,12,9,564
0.8310892940626461,12,9,604
0.8267648433847592,12,9,643
0.8289387564282376,12,9,683
0.8289387564282376,12,9,722
0.8354137447405329,12,9,762
0.8289153810191678,12,9,802
0.8310659186535766,12,9,841
0.8288920056100981,12,9,881
0.8288686302010284,12,9,920
0.8288920056100981,12,9,960
0.8332398316970547,12,9,1000
0.8115474520804113,12,11,50
0.8158251519401588,12,11,89
0.805072463768116,12,11,129
0.8180224403927069,12,11,168
0.8223702664796633,12,11,208
0.8137213651238897,12,11,247
0.8180224403927069,12,11,287
0.8223702664796635,12,11,327
0.8179990649836372,12,11,366
0.8158719027582982,12,11,406
0.8201963534361851,12,11,445
0.8223468910705938,12,11,485
0.8158719027582982,12,11,525
0.8180458158017766,12,11,564
0.8245441795231416,12,11,604
0.8288686302010284,12,11,643
0.82671809256662,12,11,683
0.82671809256662,12,11,722
0.82671809256662,12,11,762
0.82671809256662,12,11,802
0.8245441795231419,12,11,841
0.82671809256662,12,11,881
0.822393641888733,12,11,920
0.8245675549322111,12,11,960
0.822393641888733,12,11,1000
,13,1,50
,13,1,89
,13,1,129
,13,1,168
,13,1,208
,13,1,247
,13,1,287
,13,1,327
,13,1,366
,13,1,406
,13,1,445
,13,1,485
,13,1,525
,13,1,564
,13,1,604
,13,1,643
,13,1,683
,13,1,722
,13,1,762
,13,1,802
,13,1,841
,13,1,881
,13,1,920
,13,1,960
,13,1,1000
0.8376110331930808,13,2,50
0.8591631603553063,13,2,89
0.8570359981299672,13,2,129
0.8483637213651238,13,2,168
0.8526881720430108,13,2,208
0.8526647966339411,13,2,247
0.8483637213651238,13,2,287
0.8483637213651238,13,2,327
0.8418887330528285,13,2,366
0.83971482000935,13,2,406
0.8439925198690977,13,2,445
0.8418419822346891,13,2,485
0.8396914446002806,13,2,525
0.8440158952781672,13,2,564
0.8396914446002806,13,2,604
0.8397148200093503,13,2,643
0.8440158952781674,13,2,683
0.8440158952781674,13,2,722
0.8440392706872369,13,2,762
0.8483870967741935,13,2,802
0.8462131837307153,13,2,841
0.8462131837307153,13,2,881
0.8483870967741935,13,2,920
0.8483870967741935,13,2,960
0.8483870967741935,13,2,1000
0.844109396914446,13,3,50
0.8527816736792895,13,3,89
0.8484104721832632,13,3,129
0.8375175315568022,13,3,168
0.8396914446002806,13,3,208
0.8418887330528284,13,3,247
0.8440158952781674,13,3,287
0.8418653576437588,13,3,327
0.8440392706872372,13,3,366
0.8418653576437588,13,3,406
0.835413744740533,13,3,445
0.8418887330528285,13,3,485
0.8375642823749416,13,3,525
0.8440392706872369,13,3,564
0.8483637213651238,13,3,604
0.8505376344086022,13,3,643
0.8483870967741935,13,3,683
0.8462131837307153,13,3,722
0.8462131837307153,13,3,762
0.8505610098176719,13,3,802
0.8462131837307153,13,3,841
0.8462131837307154,13,3,881
0.85273492286115,13,3,920
0.8505610098176717,13,3,960
0.85273492286115,13,3,1000
0.8527115474520806,13,4,50
0.8526647966339411,13,4,89
0.8527115474520806,13,4,129
0.8439925198690977,13,4,168
0.8397381954184198,13,4,208
0.8418419822346891,13,4,247
0.850490883590463,13,4,287
0.8439925198690977,13,4,327
0.846166432912576,13,4,366
0.8505142589995325,13,4,406
0.8483403459560543,13,4,445
0.8505142589995325,13,4,485
0.8505142589995325,13,4,525
0.8396914446002806,13,4,564
0.8440158952781674,13,4,604
0.8440158952781674,13,4,643
0.8418653576437588,13,4,683
0.8418653576437588,13,4,722
0.8462131837307153,13,4,762
0.8462131837307153,13,4,802
0.8418653576437588,13,4,841
0.8418653576437588,13,4,881
0.8418653576437588,13,4,920
0.8396914446002806,13,4,960
0.8418653576437588,13,4,1000
0.8267648433847592,13,5,50
0.8310425432445067,13,5,89
0.8396680691912108,13,5,129
0.8396914446002806,13,5,168
0.8440158952781674,13,5,208
0.8396680691912108,13,5,247
0.8375175315568022,13,5,287
0.8353436185133241,13,5,327
0.8353669939223938,13,5,366
0.8331930808789154,13,5,406
0.8353669939223936,13,5,445
0.83971482000935,13,5,485
0.8375175315568022,13,5,525
0.8397148200093503,13,5,564
0.8375175315568022,13,5,604
0.8353669939223936,13,5,643
0.8331930808789154,13,5,683
0.8310425432445069,13,5,722
0.8288686302010285,13,5,762
0.8397381954184198,13,5,802
0.8353903693314635,13,5,841
0.8375642823749416,13,5,881
0.8353903693314633,13,5,920
0.8353903693314633,13,5,960
0.8375642823749416,13,5,1000
0.8310892940626461,13,6,50
0.8310659186535766,13,6,89
0.8375175315568022,13,6,129
0.8331930808789154,13,6,168
0.833216456287985,13,6,208
0.8354137447405329,13,6,247
0.83971482000935,13,6,287
0.8397381954184198,13,6,327
0.835413744740533,13,6,366
0.8375642823749416,13,6,406
0.8375642823749416,13,6,445
0.8419121084618981,13,6,485
0.8375642823749416,13,6,525
0.8397381954184198,13,6,564
0.8397381954184198,13,6,604
0.8375642823749416,13,6,643
0.8419121084618981,13,6,683
0.8397381954184198,13,6,722
0.8397381954184198,13,6,762
0.8397381954184198,13,6,802
0.8397381954184198,13,6,841
0.8375642823749416,13,6,881
0.8375642823749416,13,6,920
0.8375642823749416,13,6,960
0.8375642823749416,13,6,1000
0.8136512388966807,13,7,50
0.8245208041140719,13,7,89
0.8309957924263675,13,7,129
0.8331930808789154,13,7,168
0.8310425432445069,13,7,208
0.8288686302010285,13,7,247
0.8332164562879851,13,7,287
0.8353903693314633,13,7,327
0.8353903693314633,13,7,366
0.8332398316970547,13,7,406
0.8397381954184198,13,7,445
0.8375876577840111,13,7,485
0.8397615708274895,13,7,525
0.8397615708274895,13,7,564
0.835413744740533,13,7,604
0.8332398316970547,13,7,643
0.8354137447405329,13,7,683
0.8375876577840113,13,7,722
0.8375876577840113,13,7,762
0.8375876577840113,13,7,802
0.8354137447405329,13,7,841
0.8332398316970547,13,7,881
0.8353903693314633,13,7,920
0.8375642823749416,13,7,960
0.833216456287985,13,7,1000
0.8116175783076205,13,8,50
0.8288452547919588,13,8,89
0.8331930808789154,13,8,129
0.8375409069658719,13,8,168
0.8353903693314633,13,8,208
0.8353903693314633,13,8,247
0.8375175315568022,13,8,287
0.8375409069658719,13,8,327
0.8375409069658719,13,8,366
0.8375642823749416,13,8,406
0.8375642823749416,13,8,445
0.8375642823749416,13,8,485
0.8353903693314633,13,8,525
0.8353903693314633,13,8,564
0.8353903693314633,13,8,604
0.8332398316970547,13,8,643
0.8332398316970547,13,8,683
0.8332398316970547,13,8,722
0.8332398316970547,13,8,762
0.8332398316970547,13,8,802
0.8310659186535766,13,8,841
0.8310659186535766,13,8,881
0.8310659186535766,13,8,920
0.8332398316970547,13,8,960
0.8310659186535764,13,8,1000
0.8071996259934549,13,9,50
0.8093735390369332,13,9,89
0.8180224403927069,13,9,129
0.8202197288452547,13,9,168
0.8245208041140721,13,9,208
0.8245208041140721,13,9,247
0.8288686302010285,13,9,287
0.8288686302010285,13,9,327
0.833216456287985,13,9,366
0.8310425432445069,13,9,406
0.8332398316970547,13,9,445
0.8332398316970547,13,9,485
0.8310659186535766,13,9,525
0.8332632071061244,13,9,564
0.8310892940626461,13,9,604
0.8332398316970547,13,9,643
0.8354137447405329,13,9,683
0.8354137447405329,13,9,722
0.8354137447405329,13,9,762
0.8267414679756897,13,9,802
0.8267414679756897,13,9,841
0.8310425432445069,13,9,881
0.8310425432445069,13,9,920
0.833216456287985,13,9,960
0.8310425432445069,13,9,1000
0.8093735390369332,13,11,50
0.8201729780271154,13,11,89
0.8180925666199158,13,11,129
0.822393641888733,13,11,168
0.8245441795231416,13,11,208
0.8202197288452547,13,11,247
0.8288686302010285,13,11,287
0.8266947171575503,13,11,327
0.8223468910705938,13,11,366
0.8266947171575503,13,11,406
0.8266947171575503,13,11,445
0.8288686302010285,13,11,485
0.8202197288452548,13,11,525
0.8245675549322111,13,11,564
0.8288920056100981,13,11,604
0.8288920056100981,13,11,643
0.8288920056100981,13,11,683
0.8245675549322111,13,11,722
0.8288920056100981,13,11,762
0.8288686302010284,13,11,802
0.82671809256662,13,11,841
0.8245441795231416,13,11,881
0.8245441795231416,13,11,920
0.822393641888733,13,11,960
0.8202197288452548,13,11,1000
,15,1,50
,15,1,89
,15,1,129
,15,1,168
,15,1,208
,15,1,247
,15,1,287
,15,1,327
,15,1,366
,15,1,406
,15,1,445
,15,1,485
,15,1,525
,15,1,564
,15,1,604
,15,1,643
,15,1,683
,15,1,722
,15,1,762
,15,1,802
,15,1,841
,15,1,881
,15,1,920
,15,1,960
,15,1,1000
0.8397381954184198,15,2,50
0.8548620850864891,15,2,89
0.8570827489481067,15,2,129
0.8527115474520806,15,2,168
0.8548854604955587,15,2,208
0.8526881720430108,15,2,247
0.8505142589995325,15,2,287
0.8483403459560541,15,2,327
0.8483637213651238,15,2,366
0.8461898083216457,15,2,406
0.8440392706872369,15,2,445
0.8440392706872369,15,2,485
0.8418653576437588,15,2,525
0.8396914446002806,15,2,564
0.8418653576437588,15,2,604
0.8462131837307153,15,2,643
0.8418887330528284,15,2,683
0.8375409069658719,15,2,722
0.83971482000935,15,2,762
0.8440626460963067,15,2,802
0.8440626460963067,15,2,841
0.8440626460963067,15,2,881
0.8440626460963067,15,2,920
0.8418887330528285,15,2,960
0.83971482000935,15,2,1000
0.846236559139785,15,3,50
0.8613838242169237,15,3,89
0.8613604488078541,15,3,129
0.8526414212248714,15,3,168
0.850490883590463,15,3,208
0.8483403459560541,15,3,247
0.8439925198690977,15,3,287
0.8418186068256194,15,3,327
0.8505142589995325,15,3,366
0.8461898083216457,15,3,406
0.8418653576437588,15,3,445
0.8440392706872372,15,3,485
0.8418653576437588,15,3,525
0.8418653576437588,15,3,564
0.8440392706872372,15,3,604
0.8505376344086022,15,3,643
0.8418653576437588,15,3,683
0.8440392706872372,15,3,722
0.8440626460963067,15,3,762
0.846236559139785,15,3,802
0.8419121084618981,15,3,841
0.8440626460963067,15,3,881
0.8440860215053764,15,3,920
0.8440626460963067,15,3,960
0.8419121084618981,15,3,1000
0.8483637213651238,15,4,50
0.8592099111734456,15,4,89
0.8548854604955587,15,4,129
0.8440392706872372,15,4,168
0.8440626460963067,15,4,208
0.8440158952781674,15,4,247
0.8461196820944366,15,4,287
0.8440158952781674,15,4,327
0.8461898083216457,15,4,366
0.8483637213651238,15,4,406
0.8483637213651238,15,4,445
0.8461898083216457,15,4,485
0.8440392706872372,15,4,525
0.8462131837307153,15,4,564
0.8483870967741935,15,4,604
0.8462131837307153,15,4,643
0.8483870967741935,15,4,683
0.8397148200093503,15,4,722
0.8440860215053764,15,4,762
0.8440860215053764,15,4,802
0.846236559139785,15,4,841
0.8484104721832632,15,4,881
0.8484104721832632,15,4,920
0.846236559139785,15,4,960
0.8484104721832632,15,4,1000
0.8376110331930808,15,5,50
0.8505610098176719,15,5,89
0.8505376344086022,15,5,129
0.8440626460963067,15,5,168
0.8418653576437588,15,5,208
0.83971482000935,15,5,247
0.8397148200093503,15,5,287
0.8440626460963067,15,5,327
0.8440626460963067,15,5,366
0.8440626460963067,15,5,406
0.8418887330528285,15,5,445
0.8419121084618981,15,5,485
0.8440626460963067,15,5,525
0.8418887330528285,15,5,564
0.8440626460963067,15,5,604
0.8418887330528284,15,5,643
0.846236559139785,15,5,683
0.8397381954184198,15,5,722
0.8419121084618981,15,5,762
0.8419121084618981,15,5,802
0.8440626460963067,15,5,841
0.8419121084618981,15,5,881
0.8440626460963067,15,5,920
0.8440860215053764,15,5,960
0.8440860215053764,15,5,1000
0.8267414679756897,15,6,50
0.8419121084618981,15,6,89
0.8505142589995325,15,6,129
0.8375642823749416,15,6,168
0.8354137447405329,15,6,208
0.8354371201496026,15,6,247
0.8397615708274895,15,6,287
0.8419121084618981,15,6,327
0.8397615708274895,15,6,366
0.8440860215053764,15,6,406
0.8440860215053764,15,6,445
0.8440860215053764,15,6,485
0.8419121084618982,15,6,525
0.8505843852267414,15,6,564
0.8484104721832633,15,6,604
0.8440860215053764,15,6,643
0.8440860215053764,15,6,683
0.8462599345488545,15,6,722
0.8440860215053764,15,6,762
0.8397615708274895,15,6,802
0.8419121084618981,15,6,841
0.8375876577840113,15,6,881
0.8397615708274895,15,6,920
0.8375876577840111,15,6,960
0.8397381954184198,15,6,1000
0.8288452547919588,15,7,50
0.8289153810191678,15,7,89
0.8419354838709678,15,7,129
0.8310659186535766,15,7,168
0.8353669939223938,15,7,208
0.8332164562879851,15,7,247
0.8375409069658719,15,7,287
0.8353669939223938,15,7,327
0.8397148200093503,15,7,366
0.8397148200093503,15,7,406
0.8418887330528285,15,7,445
0.8440626460963067,15,7,485
0.8462365591397848,15,7,525
0.8462365591397848,15,7,564
0.8440626460963067,15,7,604
0.8440626460963067,15,7,643
0.8484104721832632,15,7,683
0.846236559139785,15,7,722
0.8440626460963067,15,7,762
0.846236559139785,15,7,802
0.8397148200093503,15,7,841
0.83971482000935,15,7,881
0.8418887330528285,15,7,920
0.8375409069658719,15,7,960
0.8375409069658719,15,7,1000
0.8267414679756897,15,8,50
0.8353436185133241,15,8,89
0.8375642823749416,15,8,129
0.8288686302010285,15,8,168
0.833216456287985,15,8,208
0.8353903693314633,15,8,247
0.8397148200093503,15,8,287
0.83973819541842,15,8,327
0.8397148200093503,15,8,366
0.8375642823749416,15,8,406
0.8375409069658719,15,8,445
0.8397148200093503,15,8,485
0.8353903693314633,15,8,525
0.8375409069658719,15,8,564
0.8375409069658719,15,8,604
0.8353903693314633,15,8,643
0.8332398316970547,15,8,683
0.8375642823749416,15,8,722
0.8354137447405329,15,8,762
0.8332398316970547,15,8,802
0.8332398316970547,15,8,841
0.8353903693314633,15,8,881
0.8353903693314633,15,8,920
0.8332398316970547,15,8,960
0.8310659186535764,15,8,1000
0.8180458158017766,15,9,50
0.82671809256662,15,9,89
0.8180458158017766,15,9,129
0.82671809256662,15,9,168
0.8310425432445069,15,9,208
0.8310191678354372,15,9,247
0.8310425432445067,15,9,287
0.8396914446002806,15,9,327
0.8375409069658719,15,9,366
0.8353903693314633,15,9,406
0.8397381954184198,15,9,445
0.8353903693314633,15,9,485
0.8375642823749416,15,9,525
0.8397381954184198,15,9,564
0.83971482000935,15,9,604
0.8353903693314633,15,9,643
0.8397381954184198,15,9,683
0.8375642823749416,15,9,722
0.8375642823749416,15,9,762
0.833216456287985,15,9,802
0.8310425432445069,15,9,841
0.833216456287985,15,9,881
0.8310425432445069,15,9,920
0.8310425432445069,15,9,960
0.8266947171575503,15,9,1000
0.8071528751753156,15,11,50
0.8179990649836372,15,11,89
0.8224170172978027,15,11,129
0.82671809256662,15,11,168
0.8310425432445067,15,11,208
0.8245441795231416,15,11,247
0.8288686302010285,15,11,287
0.8310425432445069,15,11,327
0.8223702664796633,15,11,366
0.8245441795231419,15,11,406
0.8223702664796633,15,11,445
0.8288686302010285,15,11,485
0.822393641888733,15,11,525
0.8310659186535764,15,11,564
0.833216456287985,15,11,604
0.833216456287985,15,11,643
0.8310425432445069,15,11,683
0.8288686302010285,15,11,722
0.833216456287985,15,11,762
0.8288686302010285,15,11,802
0.82671809256662,15,11,841
0.82671809256662,15,11,881
0.82671809256662,15,11,920
0.8245675549322113,15,11,960
0.8245675549322113,15,11,1000
,16,1,50
,16,1,89
,16,1,129
,16,1,168
,16,1,208
,16,1,247
,16,1,287
,16,1,327
,16,1,366
,16,1,406
,16,1,445
,16,1,485
,16,1,525
,16,1,564
,16,1,604
,16,1,643
,16,1,683
,16,1,722
,16,1,762
,16,1,802
,16,1,841
,16,1,881
,16,1,920
,16,1,960
,16,1,1000
0.8462131837307153,16,2,50
0.85273492286115,16,2,89
0.8549088359046284,16,2,129
0.8527115474520806,16,2,168
0.8548620850864891,16,2,208
0.8526647966339411,16,2,247
0.8505142589995325,16,2,287
0.8505142589995325,16,2,327
0.8461898083216457,16,2,366
0.8483637213651238,16,2,406
0.8418653576437588,16,2,445
0.8440158952781674,16,2,485
0.8440158952781674,16,2,525
0.8418419822346891,16,2,564
0.8418419822346891,16,2,604
0.8418887330528284,16,2,643
0.8397148200093503,16,2,683
0.8397148200093503,16,2,722
0.8418887330528284,16,2,762
0.8440626460963067,16,2,802
0.8440626460963067,16,2,841
0.8440626460963067,16,2,881
0.8440626460963067,16,2,920
0.8440626460963067,16,2,960
0.846236559139785,16,2,1000
0.8463300607760637,16,3,50
0.863557737260402,16,3,89
0.8548620850864891,16,3,129
0.8526414212248714,16,3,168
0.8569658719027583,16,3,208
0.856989247311828,16,3,247
0.8526414212248714,16,3,287
0.8526647966339411,16,3,327
0.846166432912576,16,3,366
0.8440158952781672,16,3,406
0.8505142589995325,16,3,445
0.8483403459560541,16,3,485
0.8483403459560541,16,3,525
0.8440158952781674,16,3,564
0.8483637213651238,16,3,604
0.8505376344086022,16,3,643
0.8461898083216456,16,3,683
0.8440392706872369,16,3,722
0.8440392706872369,16,3,762
0.8440392706872369,16,3,802
0.8440392706872369,16,3,841
0.8483870967741935,16,3,881
0.85273492286115,16,3,920
0.8462131837307153,16,3,960
0.8505843852267414,16,3,1000
0.8419588592800376,16,4,50
0.8614071996259934,16,4,89
0.8526881720430108,16,4,129
0.8483169705469846,16,4,168
0.8483403459560543,16,4,208
0.8439925198690977,16,4,247
0.843969144460028,16,4,287
0.8461898083216457,16,4,327
0.8440158952781674,16,4,366
0.8527115474520806,16,4,406
0.8505376344086022,16,4,445
0.8527115474520803,16,4,485
0.8483870967741935,16,4,525
0.8440392706872372,16,4,564
0.8462131837307153,16,4,604
0.8483870967741935,16,4,643
0.8418887330528285,16,4,683
0.8418887330528284,16,4,722
0.8440626460963067,16,4,762
0.8484104721832633,16,4,802
0.8484104721832633,16,4,841
0.8505843852267414,16,4,881
0.8505843852267414,16,4,920
0.8484104721832633,16,4,960
0.8505843852267414,16,4,1000
0.8397849462365592,16,5,50
0.8397615708274895,16,5,89
0.8375642823749416,16,5,129
0.8375876577840113,16,5,168
0.8440392706872372,16,5,208
0.8375642823749416,16,5,247
0.8310659186535766,16,5,287
0.8375642823749416,16,5,327
0.8375642823749416,16,5,366
0.83971482000935,16,5,406
0.8375409069658719,16,5,445
0.8375642823749416,16,5,485
0.8375409069658719,16,5,525
0.8440626460963067,16,5,564
0.8440626460963067,16,5,604
0.8440626460963067,16,5,643
0.846236559139785,16,5,683
0.8397381954184198,16,5,722
0.8462599345488547,16,5,762
0.8462599345488547,16,5,802
0.8462599345488547,16,5,841
0.8462599345488545,16,5,881
0.8462365591397848,16,5,920
0.8440860215053764,16,5,960
0.8440860215053764,16,5,1000
0.835413744740533,16,6,50
0.8375642823749416,16,6,89
0.8484104721832632,16,6,129
0.8397381954184198,16,6,168
0.8397615708274895,16,6,208
0.8397849462365592,16,6,247
0.8376110331930808,16,6,287
0.8419354838709678,16,6,327
0.8440860215053764,16,6,366
0.8419354838709678,16,6,406
0.8419354838709678,16,6,445
0.8419354838709678,16,6,485
0.8440860215053764,16,6,525
0.8462599345488547,16,6,564
0.8440860215053764,16,6,604
0.8440860215053764,16,6,643
0.8440860215053764,16,6,683
0.8462599345488545,16,6,722
0.8440860215053764,16,6,762
0.844109396914446,16,6,802
0.8397615708274895,16,6,841
0.8397615708274895,16,6,881
0.8397615708274895,16,6,920
0.8375876577840113,16,6,960
0.8397615708274895,16,6,1000
0.8288218793828891,16,7,50
0.82671809256662,16,7,89
0.83973819541842,16,7,129
0.8332164562879851,16,7,168
0.8310659186535764,16,7,208
0.8353903693314633,16,7,247
0.8375642823749416,16,7,287
0.8375642823749416,16,7,327
0.8440860215053764,16,7,366
0.8440860215053764,16,7,406
0.8440860215053764,16,7,445
0.8419354838709676,16,7,485
0.8440860215053764,16,7,525
0.8440626460963067,16,7,564
0.846236559139785,16,7,604
0.846236559139785,16,7,643
0.8440860215053764,16,7,683
0.8440860215053764,16,7,722
0.8419121084618981,16,7,762
0.8419121084618981,16,7,802
0.8397381954184198,16,7,841
0.8397381954184198,16,7,881
0.8397381954184198,16,7,920
0.8375642823749416,16,7,960
0.8397381954184198,16,7,1000
0.822393641888733,16,8,50
0.8353669939223938,16,8,89
0.8396680691912108,16,8,129
0.8353669939223936,16,8,168
0.833216456287985,16,8,208
0.8375642823749416,16,8,247
0.8375409069658719,16,8,287
0.8375642823749416,16,8,327
0.8418887330528285,16,8,366
0.8397148200093503,16,8,406
0.8397148200093503,16,8,445
0.8397381954184198,16,8,485
0.8353903693314633,16,8,525
0.8353903693314633,16,8,564
0.8375409069658719,16,8,604
0.8353903693314633,16,8,643
0.8353903693314633,16,8,683
0.8375642823749416,16,8,722
0.8375642823749416,16,8,762
0.8353903693314633,16,8,802
0.8353903693314633,16,8,841
0.8375642823749416,16,8,881
0.833216456287985,16,8,920
0.833216456287985,16,8,960
0.833216456287985,16,8,1000
0.8202197288452547,16,9,50
0.8158719027582982,16,9,89
0.8180458158017766,16,9,129
0.8266947171575503,16,9,168
0.833216456287985,16,9,208
0.8288920056100981,16,9,247
0.8332398316970547,16,9,287
0.8310659186535764,16,9,327
0.8332398316970547,16,9,366
0.8375642823749416,16,9,406
0.835413744740533,16,9,445
0.8332164562879851,16,9,485
0.8353903693314633,16,9,525
0.8375642823749416,16,9,564
0.8375642823749416,16,9,604
0.83971482000935,16,9,643
0.8397381954184198,16,9,683
0.8354137447405329,16,9,722
0.8375642823749416,16,9,762
0.8353903693314633,16,9,802
0.833216456287985,16,9,841
0.8310425432445069,16,9,881
0.8310425432445069,16,9,920
0.8288686302010285,16,9,960
0.8310425432445067,16,9,1000
0.8136746143057504,16,11,50
0.8223468910705938,16,11,89
0.8288686302010285,16,11,129
0.8288686302010285,16,11,168
0.8310191678354372,16,11,208
0.8266947171575503,16,11,247
0.8331930808789153,16,11,287
0.8310425432445069,16,11,327
0.8310425432445069,16,11,366
0.82671809256662,16,11,406
0.8245441795231419,16,11,445
0.8310425432445069,16,11,485
0.833216456287985,16,11,525
0.8332398316970547,16,11,564
0.8353903693314633,16,11,604
0.8353903693314633,16,11,643
0.833216456287985,16,11,683
0.8310425432445069,16,11,722
0.8310425432445069,16,11,762
0.833216456287985,16,11,802
0.8288920056100981,16,11,841
0.8288920056100981,16,11,881
0.8245441795231416,16,11,920
0.8245675549322111,16,11,960
0.822393641888733,16,11,1000
,18,1,50
,18,1,89
,18,1,129
,18,1,168
,18,1,208
,18,1,247
,18,1,287
,18,1,327
,18,1,366
,18,1,406
,18,1,445
,18,1,485
,18,1,525
,18,1,564
,18,1,604
,18,1,643
,18,1,683
,18,1,722
,18,1,762
,18,1,802
,18,1,841
,18,1,881
,18,1,920
,18,1,960
,18,1,1000
0.8505376344086022,18,2,50
0.8462131837307153,18,2,89
0.8505376344086022,18,2,129
0.8505610098176719,18,2,168
0.8548854604955587,18,2,208
0.8548387096774194,18,2,247
0.8505142589995325,18,2,287
0.8483403459560541,18,2,327
0.8483637213651238,18,2,366
0.8461898083216456,18,2,406
0.8440158952781674,18,2,445
0.8461898083216456,18,2,485
0.8461898083216457,18,2,525
0.8440158952781674,18,2,564
0.8418653576437588,18,2,604
0.8483870967741935,18,2,643
0.8397148200093503,18,2,683
0.8397148200093503,18,2,722
0.8440626460963067,18,2,762
0.846236559139785,18,2,802
0.846236559139785,18,2,841
0.8440626460963067,18,2,881
0.8440626460963067,18,2,920
0.846236559139785,18,2,960
0.8440626460963067,18,2,1000
0.8506077606358111,18,3,50
0.8592099111734456,18,3,89
0.856989247311828,18,3,129
0.8504675081813933,18,3,168
0.8547919588592802,18,3,208
0.856989247311828,18,3,247
0.850490883590463,18,3,287
0.8548387096774194,18,3,327
0.8505142589995325,18,3,366
0.8505142589995325,18,3,406
0.8461898083216456,18,3,445
0.8483637213651238,18,3,485
0.8505376344086022,18,3,525
0.8483637213651238,18,3,564
0.8505142589995325,18,3,604
0.8483870967741935,18,3,643
0.8483870967741935,18,3,683
0.8462131837307153,18,3,722
0.8462131837307153,18,3,762
0.8505610098176719,18,3,802
0.846236559139785,18,3,841
0.846236559139785,18,3,881
0.8505843852267414,18,3,920
0.846236559139785,18,3,960
0.8505843852267414,18,3,1000
0.8484104721832633,18,4,50
0.8656848994857411,18,4,89
0.8526647966339411,18,4,129
0.8548387096774194,18,4,168
0.8526647966339411,18,4,208
0.8461898083216456,18,4,247
0.846166432912576,18,4,287
0.8483637213651238,18,4,327
0.8461898083216457,18,4,366
0.8505610098176719,18,4,406
0.8505610098176719,18,4,445
0.8505610098176717,18,4,485
0.8505610098176717,18,4,525
0.8483870967741935,18,4,564
0.8440392706872369,18,4,604
0.8440626460963067,18,4,643
0.8440626460963067,18,4,683
0.8418887330528284,18,4,722
0.846236559139785,18,4,762
0.846236559139785,18,4,802
0.8484104721832633,18,4,841
0.8484104721832632,18,4,881
0.8505843852267414,18,4,920
0.846236559139785,18,4,960
0.8484104721832633,18,4,1000
0.8397615708274895,18,5,50
0.8441327723235157,18,5,89
0.8484338475923329,18,5,129
0.8353669939223938,18,5,168
0.8418887330528285,18,5,208
0.83973819541842,18,5,247
0.8419121084618981,18,5,287
0.846236559139785,18,5,327
0.8418887330528285,18,5,366
0.8440626460963067,18,5,406
0.8397148200093503,18,5,445
0.8418887330528284,18,5,485
0.8375642823749416,18,5,525
0.8419354838709678,18,5,564
0.846236559139785,18,5,604
0.8440626460963067,18,5,643
0.846236559139785,18,5,683
0.8441093969144461,18,5,722
0.8462599345488547,18,5,762
0.8462599345488547,18,5,802
0.846236559139785,18,5,841
0.8505843852267414,18,5,881
0.8505610098176717,18,5,920
0.8505843852267414,18,5,960
0.8484104721832632,18,5,1000
0.8353903693314633,18,6,50
0.8353903693314633,18,6,89
0.8505610098176717,18,6,129
0.8440392706872369,18,6,168
0.8397381954184198,18,6,208
0.8419354838709678,18,6,247
0.8419121084618981,18,6,287
0.8440860215053764,18,6,327
0.8440860215053764,18,6,366
0.8440860215053764,18,6,406
0.8440860215053764,18,6,445
0.8397615708274895,18,6,485
0.8419121084618981,18,6,525
0.8397381954184198,18,6,564
0.8419121084618981,18,6,604
0.8440860215053764,18,6,643
0.8440860215053764,18,6,683
0.8462599345488545,18,6,722
0.8462599345488545,18,6,762
0.844109396914446,18,6,802
0.844109396914446,18,6,841
0.8419354838709678,18,6,881
0.8397615708274895,18,6,920
0.8397615708274895,18,6,960
0.844109396914446,18,6,1000
0.8288452547919588,18,7,50
0.8375642823749416,18,7,89
0.8375642823749416,18,7,129
0.8310659186535764,18,7,168
0.8288920056100982,18,7,208
0.8310659186535766,18,7,247
0.8353903693314633,18,7,287
0.8419121084618981,18,7,327
0.8440626460963067,18,7,366
0.8484104721832632,18,7,406
0.8505843852267414,18,7,445
0.8484104721832632,18,7,485
0.8484104721832632,18,7,525
0.8484104721832632,18,7,564
0.846236559139785,18,7,604
0.8484104721832632,18,7,643
0.846236559139785,18,7,683
0.8484104721832632,18,7,722
0.8462599345488545,18,7,762
0.8484104721832632,18,7,802
0.846236559139785,18,7,841
0.8440860215053764,18,7,881
0.8440860215053764,18,7,920
0.8419121084618981,18,7,960
0.846236559139785,18,7,1000
0.8245441795231416,18,8,50
0.8310659186535764,18,8,89
0.8375409069658719,18,8,129
0.8353903693314633,18,8,168
0.8310659186535764,18,8,208
0.8332398316970547,18,8,247
0.8418887330528285,18,8,287
0.8419121084618982,18,8,327
0.8440626460963067,18,8,366
0.8418887330528285,18,8,406
0.8418887330528285,18,8,445
0.8418887330528285,18,8,485
0.8375409069658719,18,8,525
0.8396914446002806,18,8,564
0.83971482000935,18,8,604
0.83971482000935,18,8,643
0.8375642823749416,18,8,683
0.8375642823749416,18,8,722
0.8375642823749416,18,8,762
0.8353903693314633,18,8,802
0.8353903693314633,18,8,841
0.8375642823749416,18,8,881
0.833216456287985,18,8,920
0.833216456287985,18,8,960
0.833216456287985,18,8,1000
0.8202197288452547,18,9,50
0.8202431042543245,18,9,89
0.8245441795231416,18,9,129
0.8310425432445067,18,9,168
0.8310659186535764,18,9,208
0.82671809256662,18,9,247
0.833216456287985,18,9,287
0.8332398316970547,18,9,327
0.8332398316970547,18,9,366
0.8419121084618981,18,9,406
0.8419121084618981,18,9,445
0.8353903693314633,18,9,485
0.8353903693314633,18,9,525
0.8397381954184198,18,9,564
0.8375642823749416,18,9,604
0.83971482000935,18,9,643
0.8397381954184198,18,9,683
0.8354137447405329,18,9,722
0.8375642823749416,18,9,762
0.8354137447405329,18,9,802
0.8310425432445069,18,9,841
0.833216456287985,18,9,881
0.833216456287985,18,9,920
0.8310425432445069,18,9,960
0.833216456287985,18,9,1000
0.8136512388966807,18,11,50
0.8266713417484807,18,11,89
0.8266947171575503,18,11,129
0.8266947171575503,18,11,168
0.8310191678354372,18,11,208
0.8288686302010285,18,11,247
0.8331930808789153,18,11,287
0.8310425432445069,18,11,327
0.8245441795231416,18,11,366
0.82671809256662,18,11,406
0.8288920056100982,18,11,445
0.8288686302010285,18,11,485
0.8266947171575503,18,11,525
0.8353903693314633,18,11,564
0.8353903693314633,18,11,604
0.8353903693314633,18,11,643
0.8310425432445069,18,11,683
0.8288686302010285,18,11,722
0.8310425432445069,18,11,762
0.8310425432445069,18,11,802
0.82671809256662,18,11,841
0.82671809256662,18,11,881
0.82671809256662,18,11,920
0.82671809256662,18,11,960
0.8245441795231416,18,11,1000
,19,1,50
,19,1,89
,19,1,129
,19,1,168
,19,1,208
,19,1,247
,19,1,287
,19,1,327
,19,1,366
,19,1,406
,19,1,445
,19,1,485
,19,1,525
,19,1,564
,19,1,604
,19,1,643
,19,1,683
,19,1,722
,19,1,762
,19,1,802
,19,1,841
,19,1,881
,19,1,920
,19,1,960
,19,1,1000
0.8505376344086022,19,2,50
0.8505610098176717,19,2,89
0.8483870967741935,19,2,129
0.8527115474520806,19,2,168
0.8570359981299672,19,2,208
0.8526881720430108,19,2,247
0.8505142589995325,19,2,287
0.8483403459560541,19,2,327
0.8483637213651238,19,2,366
0.8483637213651238,19,2,406
0.8483637213651238,19,2,445
0.8483637213651238,19,2,485
0.8483637213651238,19,2,525
0.8461898083216457,19,2,564
0.8483637213651238,19,2,604
0.8462131837307153,19,2,643
0.8484104721832632,19,2,683
0.8440626460963067,19,2,722
0.8484104721832633,19,2,762
0.8505843852267414,19,2,802
0.8484104721832632,19,2,841
0.8484104721832632,19,2,881
0.8505843852267414,19,2,920
0.8527582982702198,19,2,960
0.8505843852267414,19,2,1000
0.8527582982702198,19,3,50
0.8657316503038803,19,3,89
0.8613370733987844,19,3,129
0.8504675081813933,19,3,168
0.8526180458158017,19,3,208
0.856989247311828,19,3,247
0.8548387096774194,19,3,287
0.8548387096774194,19,3,327
0.8505142589995325,19,3,366
0.8548387096774194,19,3,406
0.8505142589995325,19,3,445
0.8526881720430108,19,3,485
0.8483637213651238,19,3,525
0.8505142589995325,19,3,564
0.854862085086489,19,3,604
0.8505376344086022,19,3,643
0.854862085086489,19,3,683
0.8462131837307153,19,3,722
0.8440392706872369,19,3,762
0.8440626460963067,19,3,802
0.8440626460963067,19,3,841
0.846236559139785,19,3,881
0.8505843852267414,19,3,920
0.8440626460963067,19,3,960
0.8484104721832632,19,3,1000
0.8462599345488545,19,4,50
0.863557737260402,19,4,89
0.8591397849462366,19,4,129
0.856989247311828,19,4,168
0.8440392706872372,19,4,208
0.8418419822346891,19,4,247
0.8418419822346891,19,4,287
0.8440392706872372,19,4,327
0.8418653576437588,19,4,366
0.8483870967741935,19,4,406
0.8505610098176719,19,4,445
0.8483870967741935,19,4,485
0.8483870967741935,19,4,525
0.8462131837307153,19,4,564
0.8462131837307153,19,4,604
0.8440626460963067,19,4,643
0.8484104721832633,19,4,683
0.8418887330528284,19,4,722
0.8440860215053764,19,4,762
0.8440860215053764,19,4,802
0.846236559139785,19,4,841
0.8484104721832632,19,4,881
0.8505843852267414,19,4,920
0.8484104721832632,19,4,960
0.8484104721832632,19,4,1000
0.8419121084618981,19,5,50
0.8441327723235157,19,5,89
0.8440860215053764,19,5,129
0.8375409069658719,19,5,168
0.8375409069658719,19,5,208
0.8375642823749416,19,5,247
0.8375876577840113,19,5,287
0.8462599345488545,19,5,327
0.8397381954184198,19,5,366
0.8397381954184198,19,5,406
0.8397148200093503,19,5,445
0.8397381954184198,19,5,485
0.8375642823749416,19,5,525
0.8419354838709678,19,5,564
0.846236559139785,19,5,604
0.8440626460963067,19,5,643
0.846236559139785,19,5,683
0.8419354838709678,19,5,722
0.8462599345488547,19,5,762
0.8462599345488547,19,5,802
0.8462599345488547,19,5,841
0.8484338475923329,19,5,881
0.8505843852267414,19,5,920
0.8484338475923329,19,5,960
0.8506077606358111,19,5,1000
0.8375642823749416,19,6,50
0.8418653576437588,19,6,89
0.8505610098176717,19,6,129
0.8462131837307154,19,6,168
0.8419121084618981,19,6,208
0.8419354838709678,19,6,247
0.8419121084618981,19,6,287
0.8440860215053764,19,6,327
0.8440860215053764,19,6,366
0.8440860215053764,19,6,406
0.8440860215053764,19,6,445
0.8419354838709678,19,6,485
0.8440860215053764,19,6,525
0.8462599345488547,19,6,564
0.8419121084618981,19,6,604
0.8440860215053764,19,6,643
0.8462599345488545,19,6,683
0.8462599345488545,19,6,722
0.8462599345488545,19,6,762
0.844109396914446,19,6,802
0.8419354838709678,19,6,841
0.8419354838709678,19,6,881
0.8397615708274895,19,6,920
0.8397615708274895,19,6,960
0.8419354838709678,19,6,1000
0.8331697054698456,19,7,50
0.83971482000935,19,7,89
0.8375642823749416,19,7,129
0.8310659186535764,19,7,168
0.8310659186535766,19,7,208
0.8332398316970547,19,7,247
0.8353903693314633,19,7,287
0.8397381954184198,19,7,327
0.8440626460963067,19,7,366
0.8440626460963067,19,7,406
0.8484104721832632,19,7,445
0.8462365591397848,19,7,485
0.8462365591397848,19,7,525
0.8484104721832632,19,7,564
0.846236559139785,19,7,604
0.8440626460963067,19,7,643
0.846236559139785,19,7,683
0.8505843852267414,19,7,722
0.8484104721832632,19,7,762
0.8505843852267414,19,7,802
0.846236559139785,19,7,841
0.8440860215053764,19,7,881
0.8440860215053764,19,7,920
0.8440860215053764,19,7,960
0.8440626460963067,19,7,1000
0.8245441795231416,19,8,50
0.833216456287985,19,8,89
0.8418653576437588,19,8,129
0.8353903693314633,19,8,168
0.8310659186535764,19,8,208
0.8353903693314633,19,8,247
0.8418887330528285,19,8,287
0.8419121084618982,19,8,327
0.8418887330528285,19,8,366
0.8418887330528285,19,8,406
0.8418887330528285,19,8,445
0.8440626460963067,19,8,485
0.8375409069658719,19,8,525
0.8396914446002806,19,8,564
0.83971482000935,19,8,604
0.83971482000935,19,8,643
0.8375642823749416,19,8,683
0.8375642823749416,19,8,722
0.8375642823749416,19,8,762
0.8353903693314633,19,8,802
0.8375642823749416,19,8,841
0.8375642823749416,19,8,881
0.8353903693314633,19,8,920
0.833216456287985,19,8,960
0.833216456287985,19,8,1000
0.8201963534361851,19,9,50
0.8180925666199158,19,9,89
0.8245441795231416,19,9,129
0.8310425432445067,19,9,168
0.8288920056100981,19,9,208
0.82671809256662,19,9,247
0.8332398316970547,19,9,287
0.8310659186535764,19,9,327
0.8332398316970547,19,9,366
0.8397381954184198,19,9,406
0.8397381954184198,19,9,445
0.8353903693314633,19,9,485
0.8375642823749416,19,9,525
0.8397381954184198,19,9,564
0.8375642823749416,19,9,604
0.8418887330528285,19,9,643
0.8397381954184198,19,9,683
0.8375876577840113,19,9,722
0.8375642823749416,19,9,762
0.8354137447405329,19,9,802
0.8310425432445069,19,9,841
0.833216456287985,19,9,881
0.8310425432445069,19,9,920
0.8310425432445069,19,9,960
0.8310425432445069,19,9,1000
0.8136512388966807,19,11,50
0.8266947171575503,19,11,89
0.8245675549322113,19,11,129
0.8245441795231416,19,11,168
0.8288686302010285,19,11,208
0.8266947171575503,19,11,247
0.8288452547919588,19,11,287
0.8288686302010285,19,11,327
0.8245441795231416,19,11,366
0.82671809256662,19,11,406
0.8245441795231416,19,11,445
0.8310425432445069,19,11,485
0.8288686302010285,19,11,525
0.8332398316970547,19,11,564
0.8353903693314633,19,11,604
0.8353903693314633,19,11,643
0.8310425432445069,19,11,683
0.8288686302010285,19,11,722
0.8310425432445069,19,11,762
0.8310425432445069,19,11,802
0.82671809256662,19,11,841
0.82671809256662,19,11,881
0.82671809256662,19,11,920
0.8245441795231416,19,11,960
0.8245441795231416,19,11,1000
,21,1,50
,21,1,89
,21,1,129
,21,1,168
,21,1,208
,21,1,247
,21,1,287
,21,1,327
,21,1,366
,21,1,406
,21,1,445
,21,1,485
,21,1,525
,21,1,564
,21,1,604
,21,1,643
,21,1,683
,21,1,722
,21,1,762
,21,1,802
,21,1,841
,21,1,881
,21,1,920
,21,1,960
,21,1,1000
0.8548854604955587,21,2,50
0.85273492286115,21,2,89
0.8549088359046284,21,2,129
0.8484104721832633,21,2,168
0.8570593735390369,21,2,208
0.854862085086489,21,2,247
0.8505376344086022,21,2,287
0.8483403459560541,21,2,327
0.8483637213651238,21,2,366
0.8505376344086022,21,2,406
0.8461898083216457,21,2,445
0.8483637213651238,21,2,485
0.8461898083216457,21,2,525
0.8462131837307153,21,2,564
0.8440392706872372,21,2,604
0.846236559139785,21,2,643
0.846236559139785,21,2,683
0.8418887330528285,21,2,722
0.846236559139785,21,2,762
0.8484104721832632,21,2,802
0.8484104721832632,21,2,841
0.8484104721832632,21,2,881
0.8505843852267414,21,2,920
0.8505843852267414,21,2,960
0.8484104721832632,21,2,1000
0.8549088359046284,21,3,50
0.867882187938289,21,3,89
0.8613370733987844,21,3,129
0.8526414212248714,21,3,168
0.8526180458158017,21,3,208
0.8548153342683499,21,3,247
0.8548387096774194,21,3,287
0.8526647966339411,21,3,327
0.8505142589995327,21,3,366
0.8548387096774194,21,3,406
0.8483637213651238,21,3,445
0.8483870967741935,21,3,485
0.8462131837307153,21,3,525
0.8440626460963067,21,3,564
0.8526881720430108,21,3,604
0.846236559139785,21,3,643
0.8505610098176717,21,3,683
0.8440392706872369,21,3,722
0.8440392706872369,21,3,762
0.846236559139785,21,3,802
0.8440626460963067,21,3,841
0.846236559139785,21,3,881
0.8484104721832633,21,3,920
0.8440626460963067,21,3,960
0.8484104721832633,21,3,1000
0.8440860215053764,21,4,50
0.8657082748948106,21,4,89
0.8548387096774194,21,4,129
0.8548387096774194,21,4,168
0.8418653576437588,21,4,208
0.8461898083216456,21,4,247
0.8418653576437588,21,4,287
0.8483637213651238,21,4,327
0.8440392706872372,21,4,366
0.8483870967741935,21,4,406
0.8505610098176719,21,4,445
0.8505610098176717,21,4,485
0.8505610098176717,21,4,525
0.8483870967741935,21,4,564
0.8483870967741935,21,4,604
0.846236559139785,21,4,643
0.8484104721832633,21,4,683
0.846236559139785,21,4,722
0.8484104721832633,21,4,762
0.8484104721832633,21,4,802
0.8484104721832633,21,4,841
0.8484104721832632,21,4,881
0.8484104721832632,21,4,920
0.8505843852267414,21,4,960
0.8505843852267414,21,4,1000
0.8440860215053764,21,5,50
0.8463066853669939,21,5,89
0.8462599345488545,21,5,129
0.835413744740533,21,5,168
0.8418887330528285,21,5,208
0.8397615708274895,21,5,247
0.8375876577840113,21,5,287
0.844109396914446,21,5,327
0.8419121084618981,21,5,366
0.8375876577840111,21,5,406
0.8397148200093503,21,5,445
0.8419121084618981,21,5,485
0.8375642823749416,21,5,525
0.8419354838709678,21,5,564
0.8440860215053764,21,5,604
0.8440626460963067,21,5,643
0.8440860215053764,21,5,683
0.8441093969144461,21,5,722
0.8441093969144461,21,5,762
0.8441093969144461,21,5,802
0.8484338475923329,21,5,841
0.8506077606358111,21,5,881
0.8527582982702198,21,5,920
0.8506077606358111,21,5,960
0.8484338475923329,21,5,1000
0.8397381954184198,21,6,50
0.8397148200093503,21,6,89
0.8483870967741935,21,6,129
0.8440626460963067,21,6,168
0.8419121084618981,21,6,208
0.8419354838709678,21,6,247
0.8419121084618981,21,6,287
0.8440860215053764,21,6,327
0.8440860215053764,21,6,366
0.8440860215053764,21,6,406
0.8440860215053764,21,6,445
0.8397615708274895,21,6,485
0.8440860215053764,21,6,525
0.8462599345488547,21,6,564
0.8419121084618981,21,6,604
0.8440860215053764,21,6,643
0.8462599345488545,21,6,683
0.8462599345488545,21,6,722
0.8462599345488545,21,6,762
0.844109396914446,21,6,802
0.8419354838709678,21,6,841
0.8419354838709678,21,6,881
0.844109396914446,21,6,920
0.8397615708274895,21,6,960
0.844109396914446,21,6,1000
0.8331697054698456,21,7,50
0.8375642823749416,21,7,89
0.8353903693314633,21,7,129
0.833216456287985,21,7,168
0.8310659186535766,21,7,208
0.8332398316970547,21,7,247
0.8375642823749416,21,7,287
0.8375642823749416,21,7,327
0.8418887330528284,21,7,366
0.8418887330528284,21,7,406
0.846236559139785,21,7,445
0.8462365591397848,21,7,485
0.8484104721832632,21,7,525
0.846236559139785,21,7,564
0.846236559139785,21,7,604
0.846236559139785,21,7,643
0.8505843852267414,21,7,683
0.8484104721832632,21,7,722
0.846236559139785,21,7,762
0.8484104721832632,21,7,802
0.846236559139785,21,7,841
0.8440860215053764,21,7,881
0.8440860215053764,21,7,920
0.8419121084618981,21,7,960
0.8440626460963067,21,7,1000
0.8266947171575503,21,8,50
0.8310659186535764,21,8,89
0.8375409069658719,21,8,129
0.8353903693314633,21,8,168
0.8310659186535764,21,8,208
0.8332398316970547,21,8,247
0.8418887330528285,21,8,287
0.8419121084618982,21,8,327
0.8440626460963067,21,8,366
0.8418887330528285,21,8,406
0.8418887330528285,21,8,445
0.8462131837307154,21,8,485
0.83971482000935,21,8,525
0.8375409069658719,21,8,564
0.83971482000935,21,8,604
0.83971482000935,21,8,643
0.8375642823749416,21,8,683
0.8375642823749416,21,8,722
0.8375642823749416,21,8,762
0.8353903693314633,21,8,802
0.8353903693314633,21,8,841
0.8375642823749416,21,8,881
0.8353903693314633,21,8,920
0.833216456287985,21,8,960
0.833216456287985,21,8,1000
0.8223468910705938,21,9,50
0.8202431042543245,21,9,89
0.8245441795231416,21,9,129
0.8310425432445067,21,9,168
0.8288920056100981,21,9,208
0.82671809256662,21,9,247
0.8353903693314633,21,9,287
0.8332398316970547,21,9,327
0.8332398316970547,21,9,366
0.8419121084618981,21,9,406
0.8397381954184198,21,9,445
0.8353903693314633,21,9,485
0.8397381954184198,21,9,525
0.8397381954184198,21,9,564
0.8397381954184198,21,9,604
0.8418887330528285,21,9,643
0.8397381954184198,21,9,683
0.8397381954184198,21,9,722
0.8375642823749416,21,9,762
0.8354137447405329,21,9,802
0.833216456287985,21,9,841
0.8353903693314633,21,9,881
0.833216456287985,21,9,920
0.833216456287985,21,9,960
0.833216456287985,21,9,1000
0.8136512388966807,21,11,50
0.8223702664796635,21,11,89
0.82671809256662,21,11,129
0.8288452547919588,21,11,168
0.8288686302010285,21,11,208
0.8266947171575503,21,11,247
0.8288452547919588,21,11,287
0.8310425432445069,21,11,327
0.8266947171575503,21,11,366
0.82671809256662,21,11,406
0.8288920056100982,21,11,445
0.8310425432445069,21,11,485
0.8266947171575503,21,11,525
0.8353903693314633,21,11,564
0.8353903693314633,21,11,604
0.8353903693314633,21,11,643
0.8310425432445069,21,11,683
0.8288686302010285,21,11,722
0.8310425432445069,21,11,762
0.8288686302010285,21,11,802
0.82671809256662,21,11,841
0.82671809256662,21,11,881
0.82671809256662,21,11,920
0.82671809256662,21,11,960
0.8245441795231416,21,11,1000
,22,1,50
,22,1,89
,22,1,129
,22,1,168
,22,1,208
,22,1,247
,22,1,287
,22,1,327
,22,1,366
,22,1,406
,22,1,445
,22,1,485
,22,1,525
,22,1,564
,22,1,604
,22,1,643
,22,1,683
,22,1,722
,22,1,762
,22,1,802
,22,1,841
,22,1,881
,22,1,920
,22,1,960
,22,1,1000
0.8527115474520806,22,2,50
0.8505610098176717,22,2,89
0.8527349228611503,22,2,129
0.8505610098176719,22,2,168
0.8592099111734456,22,2,208
0.854862085086489,22,2,247
0.8505376344086022,22,2,287
0.8483403459560541,22,2,327
0.8526881720430108,22,2,366
0.8505376344086022,22,2,406
0.8483637213651238,22,2,445
0.8483637213651238,22,2,485
0.8505376344086022,22,2,525
0.8462131837307153,22,2,564
0.8462131837307153,22,2,604
0.8484104721832632,22,2,643
0.846236559139785,22,2,683
0.8418887330528285,22,2,722
0.846236559139785,22,2,762
0.8484104721832632,22,2,802
0.8484104721832632,22,2,841
0.846236559139785,22,2,881
0.8527582982702198,22,2,920
0.8505843852267414,22,2,960
0.8484104721832632,22,2,1000
0.8549088359046284,22,3,50
0.867882187938289,22,3,89
0.8613370733987844,22,3,129
0.8526414212248714,22,3,168
0.8526180458158017,22,3,208
0.8548153342683499,22,3,247
0.8548387096774194,22,3,287
0.8526647966339411,22,3,327
0.8505142589995327,22,3,366
0.8548387096774194,22,3,406
0.8483637213651238,22,3,445
0.8483870967741935,22,3,485
0.8462131837307153,22,3,525
0.8440626460963067,22,3,564
0.8505376344086022,22,3,604
0.846236559139785,22,3,643
0.8505610098176717,22,3,683
0.8418887330528284,22,3,722
0.8418887330528284,22,3,762
0.846236559139785,22,3,802
0.8440626460963067,22,3,841
0.846236559139785,22,3,881
0.8484104721832633,22,3,920
0.8440626460963067,22,3,960
0.846236559139785,22,3,1000
0.8419121084618981,22,4,50
0.8656848994857411,22,4,89
0.8548387096774194,22,4,129
0.8548387096774194,22,4,168
0.8483637213651238,22,4,208
0.8461898083216456,22,4,247
0.8418653576437588,22,4,287
0.8461898083216457,22,4,327
0.8440392706872372,22,4,366
0.8462131837307153,22,4,406
0.8505610098176719,22,4,445
0.8505610098176717,22,4,485
0.8483870967741935,22,4,525
0.8483870967741935,22,4,564
0.8505610098176717,22,4,604
0.846236559139785,22,4,643
0.8484104721832633,22,4,683
0.8440626460963067,22,4,722
0.8505843852267414,22,4,762
0.8484104721832633,22,4,802
0.8505843852267414,22,4,841
0.8505843852267414,22,4,881
0.8484104721832632,22,4,920
0.8484104721832632,22,4,960
0.8505843852267414,22,4,1000
0.8440860215053764,22,5,50
0.8441327723235157,22,5,89
0.8462599345488545,22,5,129
0.8375642823749416,22,5,168
0.8418887330528285,22,5,208
0.8397615708274895,22,5,247
0.8375876577840113,22,5,287
0.844109396914446,22,5,327
0.8397381954184198,22,5,366
0.8375876577840111,22,5,406
0.8375642823749416,22,5,445
0.8419121084618981,22,5,485
0.8375642823749416,22,5,525
0.8419354838709678,22,5,564
0.8440860215053764,22,5,604
0.8440626460963067,22,5,643
0.8440860215053764,22,5,683
0.8441093969144461,22,5,722
0.8462599345488547,22,5,762
0.8462599345488547,22,5,802
0.8484338475923329,22,5,841
0.8506077606358111,22,5,881
0.8527582982702198,22,5,920
0.8506077606358111,22,5,960
0.8484338475923329,22,5,1000
0.8397381954184198,22,6,50
0.8397148200093503,22,6,89
0.8505610098176717,22,6,129
0.846236559139785,22,6,168
0.8419121084618981,22,6,208
0.8419354838709678,22,6,247
0.8397615708274895,22,6,287
0.8419354838709678,22,6,327
0.8440860215053764,22,6,366
0.8440860215053764,22,6,406
0.8440860215053764,22,6,445
0.8397615708274895,22,6,485
0.8440860215053764,22,6,525
0.8462599345488547,22,6,564
0.8419121084618981,22,6,604
0.8440860215053764,22,6,643
0.8462599345488545,22,6,683
0.8462599345488545,22,6,722
0.8462599345488545,22,6,762
0.844109396914446,22,6,802
0.8419354838709678,22,6,841
0.8419354838709678,22,6,881
0.844109396914446,22,6,920
0.8397615708274895,22,6,960
0.844109396914446,22,6,1000
0.8288218793828893,22,7,50
0.83971482000935,22,7,89
0.8353903693314633,22,7,129
0.833216456287985,22,7,168
0.8310659186535766,22,7,208
0.8332398316970547,22,7,247
0.8353903693314633,22,7,287
0.8375642823749416,22,7,327
0.8418887330528284,22,7,366
0.8418887330528284,22,7,406
0.846236559139785,22,7,445
0.8462365591397848,22,7,485
0.8484104721832632,22,7,525
0.846236559139785,22,7,564
0.846236559139785,22,7,604
0.846236559139785,22,7,643
0.8484104721832632,22,7,683
0.8484104721832632,22,7,722
0.846236559139785,22,7,762
0.8484104721832632,22,7,802
0.846236559139785,22,7,841
0.8440860215053764,22,7,881
0.8440860215053764,22,7,920
0.8419121084618981,22,7,960
0.8440626460963067,22,7,1000
0.8266947171575503,22,8,50
0.8310659186535764,22,8,89
0.8375409069658719,22,8,129
0.8353903693314633,22,8,168
0.8310659186535764,22,8,208
0.8332398316970547,22,8,247
0.8418887330528285,22,8,287
0.8419121084618982,22,8,327
0.8440626460963067,22,8,366
0.8418887330528285,22,8,406
0.8418887330528285,22,8,445
0.8462131837307154,22,8,485
0.83971482000935,22,8,525
0.8375409069658719,22,8,564
0.83971482000935,22,8,604
0.83971482000935,22,8,643
0.8375642823749416,22,8,683
0.8375642823749416,22,8,722
0.8375642823749416,22,8,762
0.8353903693314633,22,8,802
0.8353903693314633,22,8,841
0.8375642823749416,22,8,881
0.8353903693314633,22,8,920
0.8353903693314633,22,8,960
0.833216456287985,22,8,1000
0.8223468910705938,22,9,50
0.8202431042543245,22,9,89
0.8245441795231416,22,9,129
0.8310425432445067,22,9,168
0.8288920056100981,22,9,208
0.8288686302010285,22,9,247
0.8353903693314633,22,9,287
0.8332398316970547,22,9,327
0.8353903693314633,22,9,366
0.8419121084618981,22,9,406
0.8397381954184198,22,9,445
0.8353903693314633,22,9,485
0.8397381954184198,22,9,525
0.8397381954184198,22,9,564
0.8397381954184198,22,9,604
0.8418887330528285,22,9,643
0.8397381954184198,22,9,683
0.8397381954184198,22,9,722
0.8375642823749416,22,9,762
0.8354137447405329,22,9,802
0.833216456287985,22,9,841
0.8353903693314633,22,9,881
0.833216456287985,22,9,920
0.8310425432445069,22,9,960
0.833216456287985,22,9,1000
0.8136512388966807,22,11,50
0.8202197288452548,22,11,89
0.82671809256662,22,11,129
0.8288452547919588,22,11,168
0.8310191678354372,22,11,208
0.8266947171575503,22,11,247
0.8288452547919588,22,11,287
0.8310425432445069,22,11,327
0.8266947171575503,22,11,366
0.82671809256662,22,11,406
0.8288920056100982,22,11,445
0.8310425432445069,22,11,485
0.8266947171575503,22,11,525
0.8353903693314633,22,11,564
0.8353903693314633,22,11,604
0.8353903693314633,22,11,643
0.8310425432445069,22,11,683
0.8288686302010285,22,11,722
0.8310425432445069,22,11,762
0.8288686302010285,22,11,802
0.82671809256662,22,11,841
0.82671809256662,22,11,881
0.82671809256662,22,11,920
0.82671809256662,22,11,960
0.8245441795231416,22,11,1000
,23,1,50
,23,1,89
,23,1,129
,23,1,168
,23,1,208
,23,1,247
,23,1,287
,23,1,327
,23,1,366
,23,1,406
,23,1,445
,23,1,485
,23,1,525
,23,1,564
,23,1,604
,23,1,643
,23,1,683
,23,1,722
,23,1,762
,23,1,802
,23,1,841
,23,1,881
,23,1,920
,23,1,960
,23,1,1000
0.8527115474520806,23,2,50
0.8505610098176717,23,2,89
0.8527349228611503,23,2,129
0.8505610098176719,23,2,168
0.8592099111734456,23,2,208
0.854862085086489,23,2,247
0.8505376344086022,23,2,287
0.8483403459560541,23,2,327
0.8526881720430108,23,2,366
0.8505376344086022,23,2,406
0.8483637213651238,23,2,445
0.8483637213651238,23,2,485
0.8505376344086022,23,2,525
0.8462131837307153,23,2,564
0.8483870967741935,23,2,604
0.8484104721832632,23,2,643
0.846236559139785,23,2,683
0.8440626460963067,23,2,722
0.846236559139785,23,2,762
0.8505843852267414,23,2,802
0.8484104721832632,23,2,841
0.8484104721832632,23,2,881
0.8527582982702198,23,2,920
0.8505843852267414,23,2,960
0.8484104721832632,23,2,1000
0.8549088359046284,23,3,50
0.867882187938289,23,3,89
0.8613370733987844,23,3,129
0.8526414212248714,23,3,168
0.8526180458158017,23,3,208
0.856989247311828,23,3,247
0.8548387096774194,23,3,287
0.8526647966339411,23,3,327
0.8505142589995327,23,3,366
0.8526881720430108,23,3,406
0.8505142589995325,23,3,445
0.8505376344086022,23,3,485
0.8462131837307153,23,3,525
0.8462131837307153,23,3,564
0.8505376344086022,23,3,604
0.846236559139785,23,3,643
0.8505610098176717,23,3,683
0.8440392706872369,23,3,722
0.8440392706872369,23,3,762
0.846236559139785,23,3,802
0.8440626460963067,23,3,841
0.846236559139785,23,3,881
0.8484104721832633,23,3,920
0.8440626460963067,23,3,960
0.846236559139785,23,3,1000
0.8440860215053764,23,4,50
0.8700327255726975,23,4,89
0.8548387096774194,23,4,129
0.8548387096774194,23,4,168
0.8462131837307153,23,4,208
0.8461898083216456,23,4,247
0.8418653576437588,23,4,287
0.8483637213651238,23,4,327
0.8440392706872372,23,4,366
0.8462131837307153,23,4,406
0.8505610098176719,23,4,445
0.85273492286115,23,4,485
0.8505610098176717,23,4,525
0.8483870967741935,23,4,564
0.8505610098176717,23,4,604
0.846236559139785,23,4,643
0.8484104721832633,23,4,683
0.8440626460963067,23,4,722
0.8505843852267414,23,4,762
0.8505843852267414,23,4,802
0.8484104721832633,23,4,841
0.8505843852267414,23,4,881
0.8484104721832632,23,4,920
0.8484104721832632,23,4,960
0.8505843852267414,23,4,1000
0.8440860215053764,23,5,50
0.8441327723235157,23,5,89
0.8462599345488545,23,5,129
0.835413744740533,23,5,168
0.8418887330528285,23,5,208
0.8397615708274895,23,5,247
0.8375876577840113,23,5,287
0.844109396914446,23,5,327
0.8397381954184198,23,5,366
0.8375876577840111,23,5,406
0.8375642823749416,23,5,445
0.8419121084618981,23,5,485
0.8375642823749416,23,5,525
0.8419354838709678,23,5,564
0.8440860215053764,23,5,604
0.8440626460963067,23,5,643
0.8440860215053764,23,5,683
0.8441093969144461,23,5,722
0.8462599345488547,23,5,762
0.8462599345488547,23,5,802
0.8484338475923329,23,5,841
0.8506077606358111,23,5,881
0.8527582982702198,23,5,920
0.8506077606358111,23,5,960
0.8484338475923329,23,5,1000
0.8397381954184198,23,6,50
0.8397148200093503,23,6,89
0.8505610098176717,23,6,129
0.846236559139785,23,6,168
0.8419121084618981,23,6,208
0.8419354838709678,23,6,247
0.8419121084618981,23,6,287
0.8440860215053764,23,6,327
0.8440860215053764,23,6,366
0.8440860215053764,23,6,406
0.8440860215053764,23,6,445
0.8397615708274895,23,6,485
0.8440860215053764,23,6,525
0.8462599345488547,23,6,564
0.8419121084618981,23,6,604
0.8440860215053764,23,6,643
0.8462599345488545,23,6,683
0.8462599345488545,23,6,722
0.8462599345488545,23,6,762
0.844109396914446,23,6,802
0.8419354838709678,23,6,841
0.8419354838709678,23,6,881
0.844109396914446,23,6,920
0.8397615708274895,23,6,960
0.844109396914446,23,6,1000
0.8288218793828893,23,7,50
0.83971482000935,23,7,89
0.8353903693314633,23,7,129
0.833216456287985,23,7,168
0.8310659186535766,23,7,208
0.8332398316970547,23,7,247
0.8353903693314633,23,7,287
0.8375642823749416,23,7,327
0.8418887330528284,23,7,366
0.8418887330528284,23,7,406
0.846236559139785,23,7,445
0.8462365591397848,23,7,485
0.8484104721832632,23,7,525
0.846236559139785,23,7,564
0.846236559139785,23,7,604
0.846236559139785,23,7,643
0.8484104721832632,23,7,683
0.8484104721832632,23,7,722
0.8484104721832632,23,7,762
0.846236559139785,23,7,802
0.846236559139785,23,7,841
0.8440860215053764,23,7,881
0.8440860215053764,23,7,920
0.8419121084618981,23,7,960
0.8440626460963067,23,7,1000
0.8266947171575503,23,8,50
0.8310659186535764,23,8,89
0.8375409069658719,23,8,129
0.8353903693314633,23,8,168
0.8310659186535764,23,8,208
0.8332398316970547,23,8,247
0.8418887330528285,23,8,287
0.8419121084618982,23,8,327
0.8440626460963067,23,8,366
0.8418887330528285,23,8,406
0.8418887330528285,23,8,445
0.8440392706872369,23,8,485
0.8375409069658719,23,8,525
0.8375409069658719,23,8,564
0.83971482000935,23,8,604
0.83971482000935,23,8,643
0.8375642823749416,23,8,683
0.8375642823749416,23,8,722
0.8375642823749416,23,8,762
0.8353903693314633,23,8,802
0.8353903693314633,23,8,841
0.8375642823749416,23,8,881
0.833216456287985,23,8,920
0.833216456287985,23,8,960
0.833216456287985,23,8,1000
0.8223468910705938,23,9,50
0.8202431042543245,23,9,89
0.8245441795231416,23,9,129
0.8310425432445067,23,9,168
0.8288920056100981,23,9,208
0.8288686302010285,23,9,247
0.8353903693314633,23,9,287
0.8332398316970547,23,9,327
0.8353903693314633,23,9,366
0.8419121084618981,23,9,406
0.8397381954184198,23,9,445
0.8353903693314633,23,9,485
0.8375642823749416,23,9,525
0.8397381954184198,23,9,564
0.8397381954184198,23,9,604
0.8418887330528285,23,9,643
0.8397381954184198,23,9,683
0.8397381954184198,23,9,722
0.8375642823749416,23,9,762
0.8354137447405329,23,9,802
0.833216456287985,23,9,841
0.8353903693314633,23,9,881
0.833216456287985,23,9,920
0.8310425432445069,23,9,960
0.833216456287985,23,9,1000
0.8136512388966807,23,11,50
0.8202197288452548,23,11,89
0.82671809256662,23,11,129
0.8288452547919588,23,11,168
0.8310191678354372,23,11,208
0.8266947171575503,23,11,247
0.8288452547919588,23,11,287
0.8310425432445069,23,11,327
0.8266947171575503,23,11,366
0.82671809256662,23,11,406
0.8288920056100982,23,11,445
0.8310425432445069,23,11,485
0.8266947171575503,23,11,525
0.8353903693314633,23,11,564
0.8353903693314633,23,11,604
0.8353903693314633,23,11,643
0.8310425432445069,23,11,683
0.8288686302010285,23,11,722
0.8310425432445069,23,11,762
0.8288686302010285,23,11,802
0.82671809256662,23,11,841
0.82671809256662,23,11,881
0.82671809256662,23,11,920
0.82671809256662,23,11,960
0.8245441795231416,23,11,1000
,25,1,50
,25,1,89
,25,1,129
,25,1,168
,25,1,208
,25,1,247
,25,1,287
,25,1,327
,25,1,366
,25,1,406
,25,1,445
,25,1,485
,25,1,525
,25,1,564
,25,1,604
,25,1,643
,25,1,683
,25,1,722
,25,1,762
,25,1,802
,25,1,841
,25,1,881
,25,1,920
,25,1,960
,25,1,1000
0.8527115474520806,25,2,50
0.8505610098176717,25,2,89
0.8527349228611503,25,2,129
0.8505610098176719,25,2,168
0.8592099111734456,25,2,208
0.854862085086489,25,2,247
0.8505376344086022,25,2,287
0.8483403459560541,25,2,327
0.8526881720430108,25,2,366
0.8526881720430108,25,2,406
0.8483637213651238,25,2,445
0.8505376344086022,25,2,485
0.8505376344086022,25,2,525
0.8462131837307153,25,2,564
0.8462131837307153,25,2,604
0.8505843852267414,25,2,643
0.846236559139785,25,2,683
0.8440626460963067,25,2,722
0.846236559139785,25,2,762
0.8505843852267414,25,2,802
0.8484104721832632,25,2,841
0.846236559139785,25,2,881
0.8527582982702198,25,2,920
0.8505843852267414,25,2,960
0.8484104721832632,25,2,1000
0.8549088359046284,25,3,50
0.867882187938289,25,3,89
0.8613370733987844,25,3,129
0.8504675081813933,25,3,168
0.8526180458158017,25,3,208
0.8548153342683499,25,3,247
0.8548387096774194,25,3,287
0.8526647966339411,25,3,327
0.8505142589995327,25,3,366
0.8526881720430108,25,3,406
0.8505142589995325,25,3,445
0.8505376344086022,25,3,485
0.8462131837307153,25,3,525
0.8462131837307153,25,3,564
0.8505376344086022,25,3,604
0.846236559139785,25,3,643
0.8505610098176717,25,3,683
0.8440392706872369,25,3,722
0.8440392706872369,25,3,762
0.846236559139785,25,3,802
0.8440626460963067,25,3,841
0.846236559139785,25,3,881
0.8484104721832633,25,3,920
0.8440626460963067,25,3,960
0.846236559139785,25,3,1000
0.8440860215053764,25,4,50
0.8678588125292193,25,4,89
0.8548387096774194,25,4,129
0.8548387096774194,25,4,168
0.8462131837307153,25,4,208
0.8461898083216456,25,4,247
0.8418653576437588,25,4,287
0.8483637213651238,25,4,327
0.8440392706872372,25,4,366
0.8462131837307153,25,4,406
0.8505610098176719,25,4,445
0.85273492286115,25,4,485
0.8483870967741935,25,4,525
0.8483870967741935,25,4,564
0.8483870967741935,25,4,604
0.8440626460963067,25,4,643
0.8484104721832633,25,4,683
0.8440626460963067,25,4,722
0.8462599345488547,25,4,762
0.8484338475923329,25,4,802
0.8484104721832633,25,4,841
0.8505843852267414,25,4,881
0.8484104721832632,25,4,920
0.8484104721832632,25,4,960
0.8505843852267414,25,4,1000
0.8440860215053764,25,5,50
0.8441327723235157,25,5,89
0.8462599345488545,25,5,129
0.835413744740533,25,5,168
0.8418887330528285,25,5,208
0.8397615708274895,25,5,247
0.83973819541842,25,5,287
0.8462599345488545,25,5,327
0.8418887330528285,25,5,366
0.8375876577840111,25,5,406
0.835413744740533,25,5,445
0.8419121084618981,25,5,485
0.8375642823749416,25,5,525
0.8419354838709678,25,5,564
0.8440860215053764,25,5,604
0.8440626460963067,25,5,643
0.8440860215053764,25,5,683
0.8441093969144461,25,5,722
0.8441093969144461,25,5,762
0.8441093969144461,25,5,802
0.8484338475923329,25,5,841
0.8506077606358111,25,5,881
0.8527582982702198,25,5,920
0.8484338475923329,25,5,960
0.8484338475923329,25,5,1000
0.8397381954184198,25,6,50
0.8397148200093503,25,6,89
0.8505610098176717,25,6,129
0.846236559139785,25,6,168
0.8419121084618981,25,6,208
0.8419354838709678,25,6,247
0.8419121084618981,25,6,287
0.8440860215053764,25,6,327
0.8440860215053764,25,6,366
0.8440860215053764,25,6,406
0.8440860215053764,25,6,445
0.8397615708274895,25,6,485
0.8440860215053764,25,6,525
0.8462599345488547,25,6,564
0.8419121084618981,25,6,604
0.8440860215053764,25,6,643
0.8462599345488545,25,6,683
0.8462599345488545,25,6,722
0.8462599345488545,25,6,762
0.844109396914446,25,6,802
0.8419354838709678,25,6,841
0.8419354838709678,25,6,881
0.844109396914446,25,6,920
0.8397615708274895,25,6,960
0.844109396914446,25,6,1000
0.8288218793828893,25,7,50
0.83971482000935,25,7,89
0.8353903693314633,25,7,129
0.833216456287985,25,7,168
0.8310659186535766,25,7,208
0.8332398316970547,25,7,247
0.8353903693314633,25,7,287
0.8375642823749416,25,7,327
0.8418887330528284,25,7,366
0.8418887330528284,25,7,406
0.846236559139785,25,7,445
0.8462365591397848,25,7,485
0.8484104721832632,25,7,525
0.846236559139785,25,7,564
0.846236559139785,25,7,604
0.846236559139785,25,7,643
0.8484104721832632,25,7,683
0.8484104721832632,25,7,722
0.846236559139785,25,7,762
0.846236559139785,25,7,802
0.846236559139785,25,7,841
0.8440860215053764,25,7,881
0.8440860215053764,25,7,920
0.8419121084618981,25,7,960
0.8440626460963067,25,7,1000
0.8266947171575503,25,8,50
0.8310659186535764,25,8,89
0.8375409069658719,25,8,129
0.8353903693314633,25,8,168
0.8310659186535764,25,8,208
0.8332398316970547,25,8,247
0.8418887330528285,25,8,287
0.8419121084618982,25,8,327
0.8440626460963067,25,8,366
0.8418887330528285,25,8,406
0.8418887330528285,25,8,445
0.8440392706872369,25,8,485
0.8375409069658719,25,8,525
0.8375409069658719,25,8,564
0.83971482000935,25,8,604
0.83971482000935,25,8,643
0.8375642823749416,25,8,683
0.8375642823749416,25,8,722
0.8375642823749416,25,8,762
0.8353903693314633,25,8,802
0.8353903693314633,25,8,841
0.8375642823749416,25,8,881
0.833216456287985,25,8,920
0.833216456287985,25,8,960
0.833216456287985,25,8,1000
0.8223468910705938,25,9,50
0.8202431042543245,25,9,89
0.8245441795231416,25,9,129
0.8310425432445067,25,9,168
0.8288920056100981,25,9,208
0.8288686302010285,25,9,247
0.8353903693314633,25,9,287
0.8332398316970547,25,9,327
0.8353903693314633,25,9,366
0.8419121084618981,25,9,406
0.8397381954184198,25,9,445
0.8353903693314633,25,9,485
0.8375642823749416,25,9,525
0.8397381954184198,25,9,564
0.8397381954184198,25,9,604
0.8418887330528285,25,9,643
0.8397381954184198,25,9,683
0.8397381954184198,25,9,722
0.8375642823749416,25,9,762
0.8354137447405329,25,9,802
0.833216456287985,25,9,841
0.8353903693314633,25,9,881
0.833216456287985,25,9,920
0.8310425432445069,25,9,960
0.833216456287985,25,9,1000
0.8136512388966807,25,11,50
0.8202197288452548,25,11,89
0.82671809256662,25,11,129
0.8288452547919588,25,11,168
0.8310191678354372,25,11,208
0.8266947171575503,25,11,247
0.8288452547919588,25,11,287
0.8310425432445069,25,11,327
0.8266947171575503,25,11,366
0.82671809256662,25,11,406
0.8288920056100982,25,11,445
0.8310425432445069,25,11,485
0.8266947171575503,25,11,525
0.8353903693314633,25,11,564
0.8353903693314633,25,11,604
0.8353903693314633,25,11,643
0.8310425432445069,25,11,683
0.8288686302010285,25,11,722
0.8310425432445069,25,11,762
0.8288686302010285,25,11,802
0.82671809256662,25,11,841
0.82671809256662,25,11,881
0.82671809256662,25,11,920
0.82671809256662,25,11,960
0.8245441795231416,25,11,1000
,26,1,50
,26,1,89
,26,1,129
,26,1,168
,26,1,208
,26,1,247
,26,1,287
,26,1,327
,26,1,366
,26,1,406
,26,1,445
,26,1,485
,26,1,525
,26,1,564
,26,1,604
,26,1,643
,26,1,683
,26,1,722
,26,1,762
,26,1,802
,26,1,841
,26,1,881
,26,1,920
,26,1,960
,26,1,1000
0.8527115474520806,26,2,50
0.8505610098176717,26,2,89
0.8527349228611503,26,2,129
0.8505610098176719,26,2,168
0.8592099111734456,26,2,208
0.854862085086489,26,2,247
0.8505376344086022,26,2,287
0.8483403459560541,26,2,327
0.8526881720430108,26,2,366
0.8526881720430108,26,2,406
0.8483637213651238,26,2,445
0.8505376344086022,26,2,485
0.8505376344086022,26,2,525
0.8462131837307153,26,2,564
0.8462131837307153,26,2,604
0.8505843852267414,26,2,643
0.846236559139785,26,2,683
0.8440626460963067,26,2,722
0.846236559139785,26,2,762
0.8505843852267414,26,2,802
0.8484104721832632,26,2,841
0.846236559139785,26,2,881
0.8527582982702198,26,2,920
0.8505843852267414,26,2,960
0.8484104721832632,26,2,1000
0.8549088359046284,26,3,50
0.867882187938289,26,3,89
0.8613370733987844,26,3,129
0.8504675081813933,26,3,168
0.8526180458158017,26,3,208
0.8548153342683499,26,3,247
0.8548387096774194,26,3,287
0.8526647966339411,26,3,327
0.8505142589995327,26,3,366
0.8526881720430108,26,3,406
0.8505142589995325,26,3,445
0.8505376344086022,26,3,485
0.8462131837307153,26,3,525
0.8462131837307153,26,3,564
0.8505376344086022,26,3,604
0.846236559139785,26,3,643
0.8505610098176717,26,3,683
0.8440392706872369,26,3,722
0.8440392706872369,26,3,762
0.846236559139785,26,3,802
0.8440626460963067,26,3,841
0.846236559139785,26,3,881
0.8484104721832633,26,3,920
0.8440626460963067,26,3,960
0.846236559139785,26,3,1000
0.8440860215053764,26,4,50
0.8678588125292193,26,4,89
0.8548387096774194,26,4,129
0.8548387096774194,26,4,168
0.8462131837307153,26,4,208
0.8461898083216456,26,4,247
0.8418653576437588,26,4,287
0.8483637213651238,26,4,327
0.8440392706872372,26,4,366
0.8462131837307153,26,4,406
0.8505610098176719,26,4,445
0.85273492286115,26,4,485
0.8483870967741935,26,4,525
0.8483870967741935,26,4,564
0.8483870967741935,26,4,604
0.8440626460963067,26,4,643
0.8484104721832633,26,4,683
0.8440626460963067,26,4,722
0.8462599345488547,26,4,762
0.8484338475923329,26,4,802
0.8484104721832633,26,4,841
0.8505843852267414,26,4,881
0.8484104721832632,26,4,920
0.8484104721832632,26,4,960
0.8505843852267414,26,4,1000
0.8440860215053764,26,5,50
0.8441327723235157,26,5,89
0.8462599345488545,26,5,129
0.835413744740533,26,5,168
0.8418887330528285,26,5,208
0.8397615708274895,26,5,247
0.83973819541842,26,5,287
0.8462599345488545,26,5,327
0.8397381954184198,26,5,366
0.8375876577840111,26,5,406
0.835413744740533,26,5,445
0.8397615708274895,26,5,485
0.8375642823749416,26,5,525
0.8419354838709678,26,5,564
0.8440860215053764,26,5,604
0.8419121084618981,26,5,643
0.8440860215053764,26,5,683
0.8441093969144461,26,5,722
0.8441093969144461,26,5,762
0.8441093969144461,26,5,802
0.8484338475923329,26,5,841
0.8484572230014026,26,5,881
0.8506077606358111,26,5,920
0.8462833099579242,26,5,960
0.8484338475923329,26,5,1000
0.8397381954184198,26,6,50
0.8397148200093503,26,6,89
0.8505610098176717,26,6,129
0.846236559139785,26,6,168
0.8419121084618981,26,6,208
0.8419354838709678,26,6,247
0.8397615708274895,26,6,287
0.8419354838709678,26,6,327
0.8440860215053764,26,6,366
0.8440860215053764,26,6,406
0.8440860215053764,26,6,445
0.8397615708274895,26,6,485
0.8440860215053764,26,6,525
0.8462599345488547,26,6,564
0.8419121084618981,26,6,604
0.8440860215053764,26,6,643
0.8462599345488545,26,6,683
0.8462599345488545,26,6,722
0.8462599345488545,26,6,762
0.844109396914446,26,6,802
0.8419354838709678,26,6,841
0.8419354838709678,26,6,881
0.844109396914446,26,6,920
0.8397615708274895,26,6,960
0.844109396914446,26,6,1000
0.8288218793828893,26,7,50
0.83971482000935,26,7,89
0.8353903693314633,26,7,129
0.833216456287985,26,7,168
0.8310659186535766,26,7,208
0.8332398316970547,26,7,247
0.8353903693314633,26,7,287
0.8375642823749416,26,7,327
0.8418887330528284,26,7,366
0.8418887330528284,26,7,406
0.846236559139785,26,7,445
0.8462365591397848,26,7,485
0.8484104721832632,26,7,525
0.846236559139785,26,7,564
0.846236559139785,26,7,604
0.846236559139785,26,7,643
0.8484104721832632,26,7,683
0.8484104721832632,26,7,722
0.846236559139785,26,7,762
0.846236559139785,26,7,802
0.846236559139785,26,7,841
0.8440860215053764,26,7,881
0.8440860215053764,26,7,920
0.8419121084618981,26,7,960
0.8440626460963067,26,7,1000
0.8266947171575503,26,8,50
0.8310659186535764,26,8,89
0.8375409069658719,26,8,129
0.8353903693314633,26,8,168
0.8310659186535764,26,8,208
0.8332398316970547,26,8,247
0.8418887330528285,26,8,287
0.8419121084618982,26,8,327
0.8440626460963067,26,8,366
0.8418887330528285,26,8,406
0.8418887330528285,26,8,445
0.8440392706872369,26,8,485
0.8375409069658719,26,8,525
0.8375409069658719,26,8,564
0.83971482000935,26,8,604
0.83971482000935,26,8,643
0.8375642823749416,26,8,683
0.8375642823749416,26,8,722
0.8375642823749416,26,8,762
0.8353903693314633,26,8,802
0.8353903693314633,26,8,841
0.8375642823749416,26,8,881
0.833216456287985,26,8,920
0.833216456287985,26,8,960
0.833216456287985,26,8,1000
0.8223468910705938,26,9,50
0.8202431042543245,26,9,89
0.8245441795231416,26,9,129
0.8310425432445067,26,9,168
0.8288920056100981,26,9,208
0.8288686302010285,26,9,247
0.8353903693314633,26,9,287
0.8332398316970547,26,9,327
0.8353903693314633,26,9,366
0.8419121084618981,26,9,406
0.8397381954184198,26,9,445
0.8353903693314633,26,9,485
0.8375642823749416,26,9,525
0.8397381954184198,26,9,564
0.8397381954184198,26,9,604
0.8418887330528285,26,9,643
0.8397381954184198,26,9,683
0.8397381954184198,26,9,722
0.8375642823749416,26,9,762
0.8354137447405329,26,9,802
0.833216456287985,26,9,841
0.8353903693314633,26,9,881
0.833216456287985,26,9,920
0.8310425432445069,26,9,960
0.833216456287985,26,9,1000
0.8136512388966807,26,11,50
0.8202197288452548,26,11,89
0.82671809256662,26,11,129
0.8288452547919588,26,11,168
0.8310191678354372,26,11,208
0.8266947171575503,26,11,247
0.8288452547919588,26,11,287
0.8310425432445069,26,11,327
0.8266947171575503,26,11,366
0.82671809256662,26,11,406
0.8288920056100982,26,11,445
0.8310425432445069,26,11,485
0.8266947171575503,26,11,525
0.8353903693314633,26,11,564
0.8353903693314633,26,11,604
0.8353903693314633,26,11,643
0.8310425432445069,26,11,683
0.8288686302010285,26,11,722
0.8310425432445069,26,11,762
0.8288686302010285,26,11,802
0.82671809256662,26,11,841
0.82671809256662,26,11,881
0.82671809256662,26,11,920
0.82671809256662,26,11,960
0.8245441795231416,26,11,1000
,28,1,50
,28,1,89
,28,1,129
,28,1,168
,28,1,208
,28,1,247
,28,1,287
,28,1,327
,28,1,366
,28,1,406
,28,1,445
,28,1,485
,28,1,525
,28,1,564
,28,1,604
,28,1,643
,28,1,683
,28,1,722
,28,1,762
,28,1,802
,28,1,841
,28,1,881
,28,1,920
,28,1,960
,28,1,1000
0.8527115474520806,28,2,50
0.8505610098176717,28,2,89
0.8527349228611503,28,2,129
0.8505610098176719,28,2,168
0.8592099111734456,28,2,208
0.854862085086489,28,2,247
0.8505376344086022,28,2,287
0.8483403459560541,28,2,327
0.8526881720430108,28,2,366
0.8526881720430108,28,2,406
0.8483637213651238,28,2,445
0.8505376344086022,28,2,485
0.8505376344086022,28,2,525
0.8462131837307153,28,2,564
0.8462131837307153,28,2,604
0.8505843852267414,28,2,643
0.846236559139785,28,2,683
0.8440626460963067,28,2,722
0.846236559139785,28,2,762
0.8505843852267414,28,2,802
0.8484104721832632,28,2,841
0.846236559139785,28,2,881
0.8527582982702198,28,2,920
0.8505843852267414,28,2,960
0.8484104721832632,28,2,1000
0.8549088359046284,28,3,50
0.867882187938289,28,3,89
0.8613370733987844,28,3,129
0.8504675081813933,28,3,168
0.8526180458158017,28,3,208
0.8548153342683499,28,3,247
0.8548387096774194,28,3,287
0.8526647966339411,28,3,327
0.8505142589995327,28,3,366
0.8526881720430108,28,3,406
0.8505142589995325,28,3,445
0.8505376344086022,28,3,485
0.8462131837307153,28,3,525
0.8462131837307153,28,3,564
0.8505376344086022,28,3,604
0.846236559139785,28,3,643
0.8505610098176717,28,3,683
0.8440392706872369,28,3,722
0.8440392706872369,28,3,762
0.846236559139785,28,3,802
0.8440626460963067,28,3,841
0.846236559139785,28,3,881
0.8484104721832633,28,3,920
0.8440626460963067,28,3,960
0.846236559139785,28,3,1000
0.8440860215053764,28,4,50
0.8678588125292193,28,4,89
0.8548387096774194,28,4,129
0.8548387096774194,28,4,168
0.8462131837307153,28,4,208
0.8461898083216456,28,4,247
0.8418653576437588,28,4,287
0.8483637213651238,28,4,327
0.8440392706872372,28,4,366
0.8462131837307153,28,4,406
0.8505610098176719,28,4,445
0.85273492286115,28,4,485
0.8483870967741935,28,4,525
0.8483870967741935,28,4,564
0.8483870967741935,28,4,604
0.8440626460963067,28,4,643
0.8484104721832633,28,4,683
0.8440626460963067,28,4,722
0.8462599345488547,28,4,762
0.8484338475923329,28,4,802
0.8484104721832633,28,4,841
0.8505843852267414,28,4,881
0.8484104721832632,28,4,920
0.8484104721832632,28,4,960
0.8505843852267414,28,4,1000
0.8440860215053764,28,5,50
0.8441327723235157,28,5,89
0.8462599345488545,28,5,129
0.835413744740533,28,5,168
0.8418887330528285,28,5,208
0.8397615708274895,28,5,247
0.83973819541842,28,5,287
0.8462599345488545,28,5,327
0.8397381954184198,28,5,366
0.8375876577840111,28,5,406
0.835413744740533,28,5,445
0.8397615708274895,28,5,485
0.8375642823749416,28,5,525
0.8419354838709678,28,5,564
0.8440860215053764,28,5,604
0.8419121084618981,28,5,643
0.8440860215053764,28,5,683
0.8441093969144461,28,5,722
0.8441093969144461,28,5,762
0.8441093969144461,28,5,802
0.8484338475923329,28,5,841
0.8484572230014026,28,5,881
0.8506077606358111,28,5,920
0.8462833099579242,28,5,960
0.8484338475923329,28,5,1000
0.8397381954184198,28,6,50
0.8397148200093503,28,6,89
0.8505610098176717,28,6,129
0.846236559139785,28,6,168
0.8419121084618981,28,6,208
0.8419354838709678,28,6,247
0.8397615708274895,28,6,287
0.8419354838709678,28,6,327
0.8440860215053764,28,6,366
0.8440860215053764,28,6,406
0.8440860215053764,28,6,445
0.8397615708274895,28,6,485
0.8440860215053764,28,6,525
0.8462599345488547,28,6,564
0.8419121084618981,28,6,604
0.8440860215053764,28,6,643
0.8462599345488545,28,6,683
0.8462599345488545,28,6,722
0.8462599345488545,28,6,762
0.844109396914446,28,6,802
0.8419354838709678,28,6,841
0.8419354838709678,28,6,881
0.844109396914446,28,6,920
0.8397615708274895,28,6,960
0.844109396914446,28,6,1000
0.8288218793828893,28,7,50
0.83971482000935,28,7,89
0.8353903693314633,28,7,129
0.833216456287985,28,7,168
0.8310659186535766,28,7,208
0.8332398316970547,28,7,247
0.8353903693314633,28,7,287
0.8375642823749416,28,7,327
0.8418887330528284,28,7,366
0.8418887330528284,28,7,406
0.846236559139785,28,7,445
0.8462365591397848,28,7,485
0.8484104721832632,28,7,525
0.846236559139785,28,7,564
0.846236559139785,28,7,604
0.846236559139785,28,7,643
0.8484104721832632,28,7,683
0.8484104721832632,28,7,722
0.846236559139785,28,7,762
0.846236559139785,28,7,802
0.846236559139785,28,7,841
0.8440860215053764,28,7,881
0.8440860215053764,28,7,920
0.8419121084618981,28,7,960
0.8440626460963067,28,7,1000
0.8266947171575503,28,8,50
0.8310659186535764,28,8,89
0.8375409069658719,28,8,129
0.8353903693314633,28,8,168
0.8310659186535764,28,8,208
0.8332398316970547,28,8,247
0.8418887330528285,28,8,287
0.8419121084618982,28,8,327
0.8440626460963067,28,8,366
0.8418887330528285,28,8,406
0.8418887330528285,28,8,445
0.8440392706872369,28,8,485
0.8375409069658719,28,8,525
0.8375409069658719,28,8,564
0.83971482000935,28,8,604
0.83971482000935,28,8,643
0.8375642823749416,28,8,683
0.8375642823749416,28,8,722
0.8375642823749416,28,8,762
0.8353903693314633,28,8,802
0.8353903693314633,28,8,841
0.8375642823749416,28,8,881
0.833216456287985,28,8,920
0.833216456287985,28,8,960
0.833216456287985,28,8,1000
0.8223468910705938,28,9,50
0.8202431042543245,28,9,89
0.8245441795231416,28,9,129
0.8310425432445067,28,9,168
0.8288920056100981,28,9,208
0.8288686302010285,28,9,247
0.8353903693314633,28,9,287
0.8332398316970547,28,9,327
0.8353903693314633,28,9,366
0.8419121084618981,28,9,406
0.8397381954184198,28,9,445
0.8353903693314633,28,9,485
0.8375642823749416,28,9,525
0.8397381954184198,28,9,564
0.8397381954184198,28,9,604
0.8418887330528285,28,9,643
0.8397381954184198,28,9,683
0.8397381954184198,28,9,722
0.8375642823749416,28,9,762
0.8354137447405329,28,9,802
0.833216456287985,28,9,841
0.8353903693314633,28,9,881
0.833216456287985,28,9,920
0.8310425432445069,28,9,960
0.833216456287985,28,9,1000
0.8136512388966807,28,11,50
0.8202197288452548,28,11,89
0.82671809256662,28,11,129
0.8288452547919588,28,11,168
0.8310191678354372,28,11,208
0.8266947171575503,28,11,247
0.8288452547919588,28,11,287
0.8310425432445069,28,11,327
0.8266947171575503,28,11,366
0.82671809256662,28,11,406
0.8288920056100982,28,11,445
0.8310425432445069,28,11,485
0.8266947171575503,28,11,525
0.8353903693314633,28,11,564
0.8353903693314633,28,11,604
0.8353903693314633,28,11,643
0.8310425432445069,28,11,683
0.8288686302010285,28,11,722
0.8310425432445069,28,11,762
0.8288686302010285,28,11,802
0.82671809256662,28,11,841
0.82671809256662,28,11,881
0.82671809256662,28,11,920
0.82671809256662,28,11,960
0.8245441795231416,28,11,1000
,29,1,50
,29,1,89
,29,1,129
,29,1,168
,29,1,208
,29,1,247
,29,1,287
,29,1,327
,29,1,366
,29,1,406
,29,1,445
,29,1,485
,29,1,525
,29,1,564
,29,1,604
,29,1,643
,29,1,683
,29,1,722
,29,1,762
,29,1,802
,29,1,841
,29,1,881
,29,1,920
,29,1,960
,29,1,1000
0.8527115474520806,29,2,50
0.8505610098176717,29,2,89
0.8527349228611503,29,2,129
0.8505610098176719,29,2,168
0.8592099111734456,29,2,208
0.854862085086489,29,2,247
0.8505376344086022,29,2,287
0.8483403459560541,29,2,327
0.8526881720430108,29,2,366
0.8526881720430108,29,2,406
0.8483637213651238,29,2,445
0.8505376344086022,29,2,485
0.8505376344086022,29,2,525
0.8462131837307153,29,2,564
0.8462131837307153,29,2,604
0.8505843852267414,29,2,643
0.846236559139785,29,2,683
0.8440626460963067,29,2,722
0.846236559139785,29,2,762
0.8505843852267414,29,2,802
0.8484104721832632,29,2,841
0.846236559139785,29,2,881
0.8527582982702198,29,2,920
0.8505843852267414,29,2,960
0.8484104721832632,29,2,1000
0.8549088359046284,29,3,50
0.867882187938289,29,3,89
0.8613370733987844,29,3,129
0.8504675081813933,29,3,168
0.8526180458158017,29,3,208
0.8548153342683499,29,3,247
0.8548387096774194,29,3,287
0.8526647966339411,29,3,327
0.8505142589995327,29,3,366
0.8526881720430108,29,3,406
0.8505142589995325,29,3,445
0.8505376344086022,29,3,485
0.8462131837307153,29,3,525
0.8462131837307153,29,3,564
0.8505376344086022,29,3,604
0.846236559139785,29,3,643
0.8505610098176717,29,3,683
0.8440392706872369,29,3,722
0.8440392706872369,29,3,762
0.846236559139785,29,3,802
0.8440626460963067,29,3,841
0.846236559139785,29,3,881
0.8484104721832633,29,3,920
0.8440626460963067,29,3,960
0.846236559139785,29,3,1000
0.8440860215053764,29,4,50
0.8678588125292193,29,4,89
0.8548387096774194,29,4,129
0.8548387096774194,29,4,168
0.8462131837307153,29,4,208
0.8461898083216456,29,4,247
0.8418653576437588,29,4,287
0.8483637213651238,29,4,327
0.8440392706872372,29,4,366
0.8462131837307153,29,4,406
0.8505610098176719,29,4,445
0.85273492286115,29,4,485
0.8483870967741935,29,4,525
0.8483870967741935,29,4,564
0.8483870967741935,29,4,604
0.8440626460963067,29,4,643
0.8484104721832633,29,4,683
0.8440626460963067,29,4,722
0.8462599345488547,29,4,762
0.8484338475923329,29,4,802
0.8484104721832633,29,4,841
0.8505843852267414,29,4,881
0.8484104721832632,29,4,920
0.8484104721832632,29,4,960
0.8505843852267414,29,4,1000
0.8440860215053764,29,5,50
0.8441327723235157,29,5,89
0.8462599345488545,29,5,129
0.835413744740533,29,5,168
0.8418887330528285,29,5,208
0.8397615708274895,29,5,247
0.83973819541842,29,5,287
0.8462599345488545,29,5,327
0.8397381954184198,29,5,366
0.8375876577840111,29,5,406
0.835413744740533,29,5,445
0.8397615708274895,29,5,485
0.8375642823749416,29,5,525
0.8419354838709678,29,5,564
0.8440860215053764,29,5,604
0.8419121084618981,29,5,643
0.8440860215053764,29,5,683
0.8441093969144461,29,5,722
0.8441093969144461,29,5,762
0.8441093969144461,29,5,802
0.8484338475923329,29,5,841
0.8484572230014026,29,5,881
0.8506077606358111,29,5,920
0.8462833099579242,29,5,960
0.8484338475923329,29,5,1000
0.8397381954184198,29,6,50
0.8397148200093503,29,6,89
0.8505610098176717,29,6,129
0.846236559139785,29,6,168
0.8419121084618981,29,6,208
0.8419354838709678,29,6,247
0.8397615708274895,29,6,287
0.8419354838709678,29,6,327
0.8440860215053764,29,6,366
0.8440860215053764,29,6,406
0.8440860215053764,29,6,445
0.8397615708274895,29,6,485
0.8440860215053764,29,6,525
0.8462599345488547,29,6,564
0.8419121084618981,29,6,604
0.8440860215053764,29,6,643
0.8462599345488545,29,6,683
0.8462599345488545,29,6,722
0.8462599345488545,29,6,762
0.844109396914446,29,6,802
0.8419354838709678,29,6,841
0.8419354838709678,29,6,881
0.844109396914446,29,6,920
0.8397615708274895,29,6,960
0.844109396914446,29,6,1000
0.8288218793828893,29,7,50
0.83971482000935,29,7,89
0.8353903693314633,29,7,129
0.833216456287985,29,7,168
0.8310659186535766,29,7,208
0.8332398316970547,29,7,247
0.8353903693314633,29,7,287
0.8375642823749416,29,7,327
0.8418887330528284,29,7,366
0.8418887330528284,29,7,406
0.846236559139785,29,7,445
0.8462365591397848,29,7,485
0.8484104721832632,29,7,525
0.846236559139785,29,7,564
0.846236559139785,29,7,604
0.846236559139785,29,7,643
0.8484104721832632,29,7,683
0.8484104721832632,29,7,722
0.846236559139785,29,7,762
0.846236559139785,29,7,802
0.846236559139785,29,7,841
0.8440860215053764,29,7,881
0.8440860215053764,29,7,920
0.8419121084618981,29,7,960
0.8440626460963067,29,7,1000
0.8266947171575503,29,8,50
0.8310659186535764,29,8,89
0.8375409069658719,29,8,129
0.8353903693314633,29,8,168
0.8310659186535764,29,8,208
0.8332398316970547,29,8,247
0.8418887330528285,29,8,287
0.8419121084618982,29,8,327
0.8440626460963067,29,8,366
0.8418887330528285,29,8,406
0.8418887330528285,29,8,445
0.8440392706872369,29,8,485
0.8375409069658719,29,8,525
0.8375409069658719,29,8,564
0.83971482000935,29,8,604
0.83971482000935,29,8,643
0.8375642823749416,29,8,683
0.8375642823749416,29,8,722
0.8375642823749416,29,8,762
0.8353903693314633,29,8,802
0.8353903693314633,29,8,841
0.8375642823749416,29,8,881
0.833216456287985,29,8,920
0.833216456287985,29,8,960
0.833216456287985,29,8,1000
0.8223468910705938,29,9,50
0.8202431042543245,29,9,89
0.8245441795231416,29,9,129
0.8310425432445067,29,9,168
0.8288920056100981,29,9,208
0.8288686302010285,29,9,247
0.8353903693314633,29,9,287
0.8332398316970547,29,9,327
0.8353903693314633,29,9,366
0.8419121084618981,29,9,406
0.8397381954184198,29,9,445
0.8353903693314633,29,9,485
0.8375642823749416,29,9,525
0.8397381954184198,29,9,564
0.8397381954184198,29,9,604
0.8418887330528285,29,9,643
0.8397381954184198,29,9,683
0.8397381954184198,29,9,722
0.8375642823749416,29,9,762
0.8354137447405329,29,9,802
0.833216456287985,29,9,841
0.8353903693314633,29,9,881
0.833216456287985,29,9,920
0.8310425432445069,29,9,960
0.833216456287985,29,9,1000
0.8136512388966807,29,11,50
0.8202197288452548,29,11,89
0.82671809256662,29,11,129
0.8288452547919588,29,11,168
0.8310191678354372,29,11,208
0.8266947171575503,29,11,247
0.8288452547919588,29,11,287
0.8310425432445069,29,11,327
0.8266947171575503,29,11,366
0.82671809256662,29,11,406
0.8288920056100982,29,11,445
0.8310425432445069,29,11,485
0.8266947171575503,29,11,525
0.8353903693314633,29,11,564
0.8353903693314633,29,11,604
0.8353903693314633,29,11,643
0.8310425432445069,29,11,683
0.8288686302010285,29,11,722
0.8310425432445069,29,11,762
0.8288686302010285,29,11,802
0.82671809256662,29,11,841
0.82671809256662,29,11,881
0.82671809256662,29,11,920
0.82671809256662,29,11,960
0.8245441795231416,29,11,1000
,31,1,50
,31,1,89
,31,1,129
,31,1,168
,31,1,208
,31,1,247
,31,1,287
,31,1,327
,31,1,366
,31,1,406
,31,1,445
,31,1,485
,31,1,525
,31,1,564
,31,1,604
,31,1,643
,31,1,683
,31,1,722
,31,1,762
,31,1,802
,31,1,841
,31,1,881
,31,1,920
,31,1,960
,31,1,1000
0.8527115474520806,31,2,50
0.8505610098176717,31,2,89
0.8527349228611503,31,2,129
0.8505610098176719,31,2,168
0.8592099111734456,31,2,208
0.854862085086489,31,2,247
0.8505376344086022,31,2,287
0.8483403459560541,31,2,327
0.8526881720430108,31,2,366
0.8526881720430108,31,2,406
0.8483637213651238,31,2,445
0.8505376344086022,31,2,485
0.8505376344086022,31,2,525
0.8462131837307153,31,2,564
0.8462131837307153,31,2,604
0.8505843852267414,31,2,643
0.846236559139785,31,2,683
0.8440626460963067,31,2,722
0.846236559139785,31,2,762
0.8505843852267414,31,2,802
0.8484104721832632,31,2,841
0.846236559139785,31,2,881
0.8527582982702198,31,2,920
0.8505843852267414,31,2,960
0.8484104721832632,31,2,1000
0.8549088359046284,31,3,50
0.867882187938289,31,3,89
0.8613370733987844,31,3,129
0.8504675081813933,31,3,168
0.8526180458158017,31,3,208
0.8548153342683499,31,3,247
0.8548387096774194,31,3,287
0.8526647966339411,31,3,327
0.8505142589995327,31,3,366
0.8526881720430108,31,3,406
0.8505142589995325,31,3,445
0.8505376344086022,31,3,485
0.8462131837307153,31,3,525
0.8462131837307153,31,3,564
0.8505376344086022,31,3,604
0.846236559139785,31,3,643
0.8505610098176717,31,3,683
0.8440392706872369,31,3,722
0.8440392706872369,31,3,762
0.846236559139785,31,3,802
0.8440626460963067,31,3,841
0.846236559139785,31,3,881
0.8484104721832633,31,3,920
0.8440626460963067,31,3,960
0.846236559139785,31,3,1000
0.8440860215053764,31,4,50
0.8678588125292193,31,4,89
0.8548387096774194,31,4,129
0.8548387096774194,31,4,168
0.8462131837307153,31,4,208
0.8461898083216456,31,4,247
0.8418653576437588,31,4,287
0.8483637213651238,31,4,327
0.8440392706872372,31,4,366
0.8462131837307153,31,4,406
0.8505610098176719,31,4,445
0.85273492286115,31,4,485
0.8483870967741935,31,4,525
0.8483870967741935,31,4,564
0.8483870967741935,31,4,604
0.8440626460963067,31,4,643
0.8484104721832633,31,4,683
0.8440626460963067,31,4,722
0.8462599345488547,31,4,762
0.8484338475923329,31,4,802
0.8484104721832633,31,4,841
0.8505843852267414,31,4,881
0.8484104721832632,31,4,920
0.8484104721832632,31,4,960
0.8505843852267414,31,4,1000
0.8440860215053764,31,5,50
0.8441327723235157,31,5,89
0.8462599345488545,31,5,129
0.835413744740533,31,5,168
0.8418887330528285,31,5,208
0.8397615708274895,31,5,247
0.83973819541842,31,5,287
0.8462599345488545,31,5,327
0.8397381954184198,31,5,366
0.8375876577840111,31,5,406
0.835413744740533,31,5,445
0.8397615708274895,31,5,485
0.8375642823749416,31,5,525
0.8419354838709678,31,5,564
0.8440860215053764,31,5,604
0.8419121084618981,31,5,643
0.8440860215053764,31,5,683
0.8441093969144461,31,5,722
0.8441093969144461,31,5,762
0.8441093969144461,31,5,802
0.8484338475923329,31,5,841
0.8484572230014026,31,5,881
0.8506077606358111,31,5,920
0.8462833099579242,31,5,960
0.8484338475923329,31,5,1000
0.8397381954184198,31,6,50
0.8397148200093503,31,6,89
0.8505610098176717,31,6,129
0.846236559139785,31,6,168
0.8419121084618981,31,6,208
0.8419354838709678,31,6,247
0.8397615708274895,31,6,287
0.8419354838709678,31,6,327
0.8440860215053764,31,6,366
0.8440860215053764,31,6,406
0.8440860215053764,31,6,445
0.8397615708274895,31,6,485
0.8440860215053764,31,6,525
0.8462599345488547,31,6,564
0.8419121084618981,31,6,604
0.8440860215053764,31,6,643
0.8462599345488545,31,6,683
0.8462599345488545,31,6,722
0.8462599345488545,31,6,762
0.844109396914446,31,6,802
0.8419354838709678,31,6,841
0.8419354838709678,31,6,881
0.844109396914446,31,6,920
0.8397615708274895,31,6,960
0.844109396914446,31,6,1000
0.8288218793828893,31,7,50
0.83971482000935,31,7,89
0.8353903693314633,31,7,129
0.833216456287985,31,7,168
0.8310659186535766,31,7,208
0.8332398316970547,31,7,247
0.8353903693314633,31,7,287
0.8375642823749416,31,7,327
0.8418887330528284,31,7,366
0.8418887330528284,31,7,406
0.846236559139785,31,7,445
0.8462365591397848,31,7,485
0.8484104721832632,31,7,525
0.846236559139785,31,7,564
0.846236559139785,31,7,604
0.846236559139785,31,7,643
0.8484104721832632,31,7,683
0.8484104721832632,31,7,722
0.846236559139785,31,7,762
0.846236559139785,31,7,802
0.846236559139785,31,7,841
0.8440860215053764,31,7,881
0.8440860215053764,31,7,920
0.8419121084618981,31,7,960
0.8440626460963067,31,7,1000
0.8266947171575503,31,8,50
0.8310659186535764,31,8,89
0.8375409069658719,31,8,129
0.8353903693314633,31,8,168
0.8310659186535764,31,8,208
0.8332398316970547,31,8,247
0.8418887330528285,31,8,287
0.8419121084618982,31,8,327
0.8440626460963067,31,8,366
0.8418887330528285,31,8,406
0.8418887330528285,31,8,445
0.8440392706872369,31,8,485
0.8375409069658719,31,8,525
0.8375409069658719,31,8,564
0.83971482000935,31,8,604
0.83971482000935,31,8,643
0.8375642823749416,31,8,683
0.8375642823749416,31,8,722
0.8375642823749416,31,8,762
0.8353903693314633,31,8,802
0.8353903693314633,31,8,841
0.8375642823749416,31,8,881
0.833216456287985,31,8,920
0.833216456287985,31,8,960
0.833216456287985,31,8,1000
0.8223468910705938,31,9,50
0.8202431042543245,31,9,89
0.8245441795231416,31,9,129
0.8310425432445067,31,9,168
0.8288920056100981,31,9,208
0.8288686302010285,31,9,247
0.8353903693314633,31,9,287
0.8332398316970547,31,9,327
0.8353903693314633,31,9,366
0.8419121084618981,31,9,406
0.8397381954184198,31,9,445
0.8353903693314633,31,9,485
0.8375642823749416,31,9,525
0.8397381954184198,31,9,564
0.8397381954184198,31,9,604
0.8418887330528285,31,9,643
0.8397381954184198,31,9,683
0.8397381954184198,31,9,722
0.8375642823749416,31,9,762
0.8354137447405329,31,9,802
0.833216456287985,31,9,841
0.8353903693314633,31,9,881
0.833216456287985,31,9,920
0.8310425432445069,31,9,960
0.833216456287985,31,9,1000
0.8136512388966807,31,11,50
0.8202197288452548,31,11,89
0.82671809256662,31,11,129
0.8288452547919588,31,11,168
0.8310191678354372,31,11,208
0.8266947171575503,31,11,247
0.8288452547919588,31,11,287
0.8310425432445069,31,11,327
0.8266947171575503,31,11,366
0.82671809256662,31,11,406
0.8288920056100982,31,11,445
0.8310425432445069,31,11,485
0.8266947171575503,31,11,525
0.8353903693314633,31,11,564
0.8353903693314633,31,11,604
0.8353903693314633,31,11,643
0.8310425432445069,31,11,683
0.8288686302010285,31,11,722
0.8310425432445069,31,11,762
0.8288686302010285,31,11,802
0.82671809256662,31,11,841
0.82671809256662,31,11,881
0.82671809256662,31,11,920
0.82671809256662,31,11,960
0.8245441795231416,31,11,1000
